Name,Slug,Collection ID,Locale ID,Item ID,Archived,Draft,Created On,Updated On,Published On,Sort Order
Alfalfa sprouts,alfalfa-sprouts,635dadd677408d33e47a93fc,653ad7e5e882f528b34b59f5,69c4a783bd81402d5d4e93e5,false,false,Thu Mar 26 2026 03:26:59 GMT+0000 (Coordinated Universal Time),Sun May 24 2026 20:30:28 GMT+0000 (Coordinated Universal Time),Thu May 28 2026 23:05:17 GMT+0000 (Coordinated Universal Time),2
All-purpose flour,all-purpose-flour,635dadd677408d33e47a93fc,653ad7e5e882f528b34b59f5,63e142ba69e6d1cefa1ef425,false,false,Mon Feb 06 2023 18:11:06 GMT+0000 (Coordinated Universal Time),Sun May 24 2026 20:30:28 GMT+0000 (Coordinated Universal Time),Thu May 28 2026 23:05:17 GMT+0000 (Coordinated Universal Time),1
Almond butter,almond-butter-2,635dadd677408d33e47a93fc,653ad7e5e882f528b34b59f5,67c20d81f88e9220651ec05f,false,false,Fri Feb 28 2025 19:24:49 GMT+0000 (Coordinated Universal Time),Sun May 24 2026 20:30:28 GMT+0000 (Coordinated Universal Time),Thu May 28 2026 23:05:17 GMT+0000 (Coordinated Universal Time),4
Almond flour,almond-flour,635dadd677408d33e47a93fc,653ad7e5e882f528b34b59f5,63e142c35a42d3e76a4d6fbe,false,false,Mon Feb 06 2023 18:11:15 GMT+0000 (Coordinated Universal Time),Sun May 24 2026 20:31:39 GMT+0000 (Coordinated Universal Time),Thu May 28 2026 23:05:17 GMT+0000 (Coordinated Universal Time),77
Almond milk,almond-milk-2,635dadd677408d33e47a93fc,653ad7e5e882f528b34b59f5,67c20c2c514955414d6f8849,false,false,Fri Feb 28 2025 19:19:08 GMT+0000 (Coordinated Universal Time),Sun May 24 2026 20:34:00 GMT+0000 (Coordinated Universal Time),Thu May 28 2026 23:05:17 GMT+0000 (Coordinated Universal Time),129
Almonds,almonds,635dadd677408d33e47a93fc,653ad7e5e882f528b34b59f5,64288b71cfc4691f79c9bfa3,false,false,Sat Apr 01 2023 19:52:17 GMT+0000 (Coordinated Universal Time),Sun May 24 2026 20:30:28 GMT+0000 (Coordinated Universal Time),Thu May 28 2026 23:05:17 GMT+0000 (Coordinated Universal Time),6
Apple sauce,apple-sauce,635dadd677408d33e47a93fc,653ad7e5e882f528b34b59f5,67aac210525979bd4f2d5172,false,false,Tue Feb 11 2025 03:20:48 GMT+0000 (Coordinated Universal Time),Sun May 24 2026 20:30:28 GMT+0000 (Coordinated Universal Time),Thu May 28 2026 23:05:17 GMT+0000 (Coordinated Universal Time),7
Apples,apples,635dadd677408d33e47a93fc,653ad7e5e882f528b34b59f5,635daddf482d4a955207ee80,false,false,Sat Oct 29 2022 22:49:03 GMT+0000 (Coordinated Universal Time),Sun May 24 2026 20:30:28 GMT+0000 (Coordinated Universal Time),Thu May 28 2026 23:05:17 GMT+0000 (Coordinated Universal Time),8
Arugula,arugula,635dadd677408d33e47a93fc,653ad7e5e882f528b34b59f5,635dade441528abf1ddedf99,false,false,Sat Oct 29 2022 22:49:08 GMT+0000 (Coordinated Universal Time),Sun May 24 2026 20:30:28 GMT+0000 (Coordinated Universal Time),Thu May 28 2026 23:05:17 GMT+0000 (Coordinated Universal Time),10
Asparagus,asparagus,635dadd677408d33e47a93fc,653ad7e5e882f528b34b59f5,635dadec6c0ae090d75bd1af,false,false,Sat Oct 29 2022 22:49:16 GMT+0000 (Coordinated Universal Time),Sun May 24 2026 20:30:28 GMT+0000 (Coordinated Universal Time),Thu May 28 2026 23:05:17 GMT+0000 (Coordinated Universal Time),11
Avocado,avocado,635dadd677408d33e47a93fc,653ad7e5e882f528b34b59f5,635dadf26c5db65ec7e0a243,false,false,Sat Oct 29 2022 22:49:22 GMT+0000 (Coordinated Universal Time),Sun May 24 2026 20:30:28 GMT+0000 (Coordinated Universal Time),Thu May 28 2026 23:05:17 GMT+0000 (Coordinated Universal Time),12
Bagel,bagel,635dadd677408d33e47a93fc,653ad7e5e882f528b34b59f5,64417d6add72cd52c98f4aae,false,false,Thu Apr 20 2023 17:59:05 GMT+0000 (Coordinated Universal Time),Sun May 24 2026 20:30:28 GMT+0000 (Coordinated Universal Time),Thu May 28 2026 23:05:17 GMT+0000 (Coordinated Universal Time),13
Banana,banana,635dadd677408d33e47a93fc,653ad7e5e882f528b34b59f5,63e2e8258f36a32257c7a0d8,false,false,Wed Feb 08 2023 00:09:09 GMT+0000 (Coordinated Universal Time),Sun May 24 2026 20:32:08 GMT+0000 (Coordinated Universal Time),Thu May 28 2026 23:05:17 GMT+0000 (Coordinated Universal Time),94
Basil,basil,635dadd677408d33e47a93fc,653ad7e5e882f528b34b59f5,635daf9c96e6effe515fc38b,false,false,Sat Oct 29 2022 22:56:28 GMT+0000 (Coordinated Universal Time),Sun May 24 2026 20:30:28 GMT+0000 (Coordinated Universal Time),Thu May 28 2026 23:05:17 GMT+0000 (Coordinated Universal Time),15
BBQ sauce,bbq-sauce,635dadd677408d33e47a93fc,653ad7e5e882f528b34b59f5,64556a6c312e6420bbd0b010,false,false,Fri May 05 2023 20:43:24 GMT+0000 (Coordinated Universal Time),Fri May 05 2023 20:43:24 GMT+0000 (Coordinated Universal Time),Tue Oct 22 2024 14:40:51 GMT+0000 (Coordinated Universal Time),
Beans,beans,635dadd677408d33e47a93fc,653ad7e5e882f528b34b59f5,635daf9cb59636518367e92c,false,false,Sat Oct 29 2022 22:56:28 GMT+0000 (Coordinated Universal Time),Sun May 24 2026 20:30:28 GMT+0000 (Coordinated Universal Time),Thu May 28 2026 23:05:17 GMT+0000 (Coordinated Universal Time),17
Beet powder,beet-powder,635dadd677408d33e47a93fc,653ad7e5e882f528b34b59f5,69bb34fad5588209495cc043,false,false,Wed Mar 18 2026 23:27:54 GMT+0000 (Coordinated Universal Time),Sun May 24 2026 20:30:28 GMT+0000 (Coordinated Universal Time),Thu May 28 2026 23:05:17 GMT+0000 (Coordinated Universal Time),18
Beets,beets,635dadd677408d33e47a93fc,653ad7e5e882f528b34b59f5,635daf9c77408d82c07aa09f,false,false,Sat Oct 29 2022 22:56:28 GMT+0000 (Coordinated Universal Time),Sun May 24 2026 20:30:28 GMT+0000 (Coordinated Universal Time),Thu May 28 2026 23:05:17 GMT+0000 (Coordinated Universal Time),19
Beets,beets-2,635dadd677408d33e47a93fc,653ad7e5e882f528b34b59f5,6969d714c1199bdd8b2bfd52,false,false,Fri Jan 16 2026 06:13:40 GMT+0000 (Coordinated Universal Time),Sun May 24 2026 20:30:28 GMT+0000 (Coordinated Universal Time),Thu May 28 2026 23:05:17 GMT+0000 (Coordinated Universal Time),20
Bell peppers,bell-peppers,635dadd677408d33e47a93fc,653ad7e5e882f528b34b59f5,635daf9ce19fbd5f81084998,false,false,Sat Oct 29 2022 22:56:28 GMT+0000 (Coordinated Universal Time),Sun May 24 2026 20:30:50 GMT+0000 (Coordinated Universal Time),Thu May 28 2026 23:05:17 GMT+0000 (Coordinated Universal Time),21
Black beans,black-beans,635dadd677408d33e47a93fc,653ad7e5e882f528b34b59f5,635daf9c41528a5dc9deefa5,false,false,Sat Oct 29 2022 22:56:28 GMT+0000 (Coordinated Universal Time),Sun May 24 2026 20:30:50 GMT+0000 (Coordinated Universal Time),Thu May 28 2026 23:05:17 GMT+0000 (Coordinated Universal Time),22
Black eyed peas,black-eyed-peas,635dadd677408d33e47a93fc,653ad7e5e882f528b34b59f5,6905230d3fcd63e8750f2feb,false,false,Fri Oct 31 2025 20:58:53 GMT+0000 (Coordinated Universal Time),Sun May 24 2026 20:30:49 GMT+0000 (Coordinated Universal Time),Thu May 28 2026 23:05:17 GMT+0000 (Coordinated Universal Time),23
Black sesame seeds,black-sesame-seeds,635dadd677408d33e47a93fc,653ad7e5e882f528b34b59f5,68ddd06adfa4d49655a96601,false,false,Thu Oct 02 2025 01:07:54 GMT+0000 (Coordinated Universal Time),Sun May 24 2026 20:30:50 GMT+0000 (Coordinated Universal Time),Thu May 28 2026 23:05:17 GMT+0000 (Coordinated Universal Time),24
Blueberries,blueberries,635dadd677408d33e47a93fc,653ad7e5e882f528b34b59f5,635daf9cc7a1a724156ddb3a,false,false,Sat Oct 29 2022 22:56:28 GMT+0000 (Coordinated Universal Time),Sun May 24 2026 20:30:50 GMT+0000 (Coordinated Universal Time),Thu May 28 2026 23:05:17 GMT+0000 (Coordinated Universal Time),25
Bread,bread,635dadd677408d33e47a93fc,653ad7e5e882f528b34b59f5,63e1ca050acec9b4883b9e11,false,false,Tue Feb 07 2023 03:48:21 GMT+0000 (Coordinated Universal Time),Sun May 24 2026 20:30:50 GMT+0000 (Coordinated Universal Time),Thu May 28 2026 23:05:17 GMT+0000 (Coordinated Universal Time),26
Broccoli,broccoli,635dadd677408d33e47a93fc,653ad7e5e882f528b34b59f5,635daf9c77408d4eda7aa0a1,false,false,Sat Oct 29 2022 22:56:28 GMT+0000 (Coordinated Universal Time),Sun May 24 2026 20:30:50 GMT+0000 (Coordinated Universal Time),Thu May 28 2026 23:05:17 GMT+0000 (Coordinated Universal Time),27
Broccoli sprouts,broccoli-sprouts,635dadd677408d33e47a93fc,653ad7e5e882f528b34b59f5,6436073f4a93fc2ef5174128,false,false,Wed Apr 12 2023 01:19:59 GMT+0000 (Coordinated Universal Time),Sun May 24 2026 20:30:50 GMT+0000 (Coordinated Universal Time),Thu May 28 2026 23:05:17 GMT+0000 (Coordinated Universal Time),28
Brown rice,brown-rice,635dadd677408d33e47a93fc,653ad7e5e882f528b34b59f5,635daf9cbc9d9c6756e16fda,false,false,Sat Oct 29 2022 22:56:28 GMT+0000 (Coordinated Universal Time),Sun May 24 2026 20:30:50 GMT+0000 (Coordinated Universal Time),Thu May 28 2026 23:05:17 GMT+0000 (Coordinated Universal Time),29
Brussels sprouts,brussels-sprouts,635dadd677408d33e47a93fc,653ad7e5e882f528b34b59f5,635daf9c98d20b55fc4b72b8,false,false,Sat Oct 29 2022 22:56:28 GMT+0000 (Coordinated Universal Time),Sun May 24 2026 20:30:50 GMT+0000 (Coordinated Universal Time),Thu May 28 2026 23:05:17 GMT+0000 (Coordinated Universal Time),30
Brussels sprouts,brussels-sprouts-2,635dadd677408d33e47a93fc,653ad7e5e882f528b34b59f5,67ad18f7d9918899bc783ae5,false,false,Wed Feb 12 2025 21:56:07 GMT+0000 (Coordinated Universal Time),Sun May 24 2026 20:30:50 GMT+0000 (Coordinated Universal Time),Thu May 28 2026 23:05:17 GMT+0000 (Coordinated Universal Time),31
Buffalo mozzarella ,buffalo-mozzarella,635dadd677408d33e47a93fc,653ad7e5e882f528b34b59f5,681a873714585af50b3dcd73,false,false,Tue May 06 2025 22:03:35 GMT+0000 (Coordinated Universal Time),Sun May 24 2026 20:30:50 GMT+0000 (Coordinated Universal Time),Thu May 28 2026 23:05:17 GMT+0000 (Coordinated Universal Time),32
Butternut squash,butternut-squash,635dadd677408d33e47a93fc,653ad7e5e882f528b34b59f5,635daf9c6c5db6ef9ee0afb5,false,false,Sat Oct 29 2022 22:56:28 GMT+0000 (Coordinated Universal Time),Sun May 24 2026 20:30:49 GMT+0000 (Coordinated Universal Time),Thu May 28 2026 23:05:17 GMT+0000 (Coordinated Universal Time),33
Cabbage,cabbage,635dadd677408d33e47a93fc,653ad7e5e882f528b34b59f5,635daf9c98d20b056b4b72ba,false,false,Sat Oct 29 2022 22:56:28 GMT+0000 (Coordinated Universal Time),Sun May 24 2026 20:30:50 GMT+0000 (Coordinated Universal Time),Thu May 28 2026 23:05:17 GMT+0000 (Coordinated Universal Time),34
Cacao powder,cacao-powder,635dadd677408d33e47a93fc,653ad7e5e882f528b34b59f5,6404f8a854c22bb2df64071a,false,false,Sun Mar 05 2023 20:16:40 GMT+0000 (Coordinated Universal Time),Sun May 24 2026 20:30:50 GMT+0000 (Coordinated Universal Time),Thu May 28 2026 23:05:17 GMT+0000 (Coordinated Universal Time),35
Caesar Dressing,caesar-dressing,635dadd677408d33e47a93fc,653ad7e5e882f528b34b59f5,697a4c6b432200ea2bf19d9f,false,false,Wed Jan 28 2026 17:50:35 GMT+0000 (Coordinated Universal Time),Sun May 24 2026 20:30:50 GMT+0000 (Coordinated Universal Time),Thu May 28 2026 23:05:17 GMT+0000 (Coordinated Universal Time),36
Carrots,carrots,635dadd677408d33e47a93fc,653ad7e5e882f528b34b59f5,635daf9cf95dcc5b4728f10d,false,false,Sat Oct 29 2022 22:56:28 GMT+0000 (Coordinated Universal Time),Sun May 24 2026 20:35:00 GMT+0000 (Coordinated Universal Time),Thu May 28 2026 23:05:17 GMT+0000 (Coordinated Universal Time),37
Cashew parmesan,cashew-parmesan-2,635dadd677408d33e47a93fc,653ad7e5e882f528b34b59f5,67c20d4a15b50c9d81874fed,false,false,Fri Feb 28 2025 19:23:54 GMT+0000 (Coordinated Universal Time),Sun May 24 2026 20:32:08 GMT+0000 (Coordinated Universal Time),Thu May 28 2026 23:05:17 GMT+0000 (Coordinated Universal Time),91
Cashews,cashews,635dadd677408d33e47a93fc,653ad7e5e882f528b34b59f5,63a511e1f5f26b3ec24abccf,false,false,Fri Dec 23 2022 02:26:41 GMT+0000 (Coordinated Universal Time),Sun May 24 2026 20:35:00 GMT+0000 (Coordinated Universal Time),Thu May 28 2026 23:05:17 GMT+0000 (Coordinated Universal Time),96
Cauliflower,cauliflower,635dadd677408d33e47a93fc,653ad7e5e882f528b34b59f5,635daf9c77408d67fb7aa0a3,false,false,Sat Oct 29 2022 22:56:28 GMT+0000 (Coordinated Universal Time),Sun May 24 2026 20:35:00 GMT+0000 (Coordinated Universal Time),Thu May 28 2026 23:05:17 GMT+0000 (Coordinated Universal Time),36
Celery,celery,635dadd677408d33e47a93fc,653ad7e5e882f528b34b59f5,635daf9cf95dcc8fa928f10f,false,false,Sat Oct 29 2022 22:56:28 GMT+0000 (Coordinated Universal Time),Sun May 24 2026 20:30:49 GMT+0000 (Coordinated Universal Time),Thu May 28 2026 23:05:17 GMT+0000 (Coordinated Universal Time),38
Cherry,cherry,635dadd677408d33e47a93fc,653ad7e5e882f528b34b59f5,635daf9df5142768c385c2d2,false,false,Sat Oct 29 2022 22:56:29 GMT+0000 (Coordinated Universal Time),Sun May 24 2026 20:35:00 GMT+0000 (Coordinated Universal Time),Thu May 28 2026 23:05:17 GMT+0000 (Coordinated Universal Time),43
Chia,chia,635dadd677408d33e47a93fc,653ad7e5e882f528b34b59f5,67a444bf03aa6c2bc28d1e3f,false,false,Thu Feb 06 2025 05:12:31 GMT+0000 (Coordinated Universal Time),Sun May 24 2026 20:31:17 GMT+0000 (Coordinated Universal Time),Thu May 28 2026 23:05:17 GMT+0000 (Coordinated Universal Time),41
Chia seeds,chia-seeds,635dadd677408d33e47a93fc,653ad7e5e882f528b34b59f5,635daf9de5fc3d03afba2818,false,false,Sat Oct 29 2022 22:56:29 GMT+0000 (Coordinated Universal Time),Sun May 24 2026 20:30:50 GMT+0000 (Coordinated Universal Time),Thu May 28 2026 23:05:17 GMT+0000 (Coordinated Universal Time),40
Chickpeas,chickpeas,635dadd677408d33e47a93fc,653ad7e5e882f528b34b59f5,635daf9d41528a0435deefa7,false,false,Sat Oct 29 2022 22:56:29 GMT+0000 (Coordinated Universal Time),Sun May 24 2026 20:30:50 GMT+0000 (Coordinated Universal Time),Thu May 28 2026 23:05:17 GMT+0000 (Coordinated Universal Time),39
Chipotle peppers in adobe sauce,chipotle-peppers-in-adobe-sauce,635dadd677408d33e47a93fc,653ad7e5e882f528b34b59f5,68abdd1bbcab3cc40a01a578,false,false,Mon Aug 25 2025 03:48:43 GMT+0000 (Coordinated Universal Time),Sun May 24 2026 20:31:17 GMT+0000 (Coordinated Universal Time),Thu May 28 2026 23:05:17 GMT+0000 (Coordinated Universal Time),42
Chocolate,chocolate,635dadd677408d33e47a93fc,653ad7e5e882f528b34b59f5,635daf9d482d4a526b07fd1a,false,false,Sat Oct 29 2022 22:56:29 GMT+0000 (Coordinated Universal Time),Sun May 24 2026 20:31:17 GMT+0000 (Coordinated Universal Time),Thu May 28 2026 23:05:17 GMT+0000 (Coordinated Universal Time),43
Chocolate chips,chocolate-chips,635dadd677408d33e47a93fc,653ad7e5e882f528b34b59f5,63e142fb69e6d1b7bc1f2995,false,false,Mon Feb 06 2023 18:12:11 GMT+0000 (Coordinated Universal Time),Sun May 24 2026 20:31:39 GMT+0000 (Coordinated Universal Time),Thu May 28 2026 23:05:17 GMT+0000 (Coordinated Universal Time),76
Cilantro,cilantro,635dadd677408d33e47a93fc,653ad7e5e882f528b34b59f5,635daf9db5963658e567e93a,false,false,Sat Oct 29 2022 22:56:29 GMT+0000 (Coordinated Universal Time),Sun May 24 2026 20:31:17 GMT+0000 (Coordinated Universal Time),Thu May 28 2026 23:05:17 GMT+0000 (Coordinated Universal Time),44
Cocoa powder,cocoa-powder,635dadd677408d33e47a93fc,653ad7e5e882f528b34b59f5,67ad1df0fbd08ef2f707bf9c,false,false,Wed Feb 12 2025 22:17:20 GMT+0000 (Coordinated Universal Time),Wed Feb 12 2025 22:19:48 GMT+0000 (Coordinated Universal Time),Thu Feb 13 2025 16:29:20 GMT+0000 (Coordinated Universal Time),
Coffee,coffee,635dadd677408d33e47a93fc,653ad7e5e882f528b34b59f5,635daf9df57282ca69f5e186,false,false,Sat Oct 29 2022 22:56:29 GMT+0000 (Coordinated Universal Time),Sun May 24 2026 20:31:17 GMT+0000 (Coordinated Universal Time),Thu May 28 2026 23:05:17 GMT+0000 (Coordinated Universal Time),45
Collard greens,collard-greens,635dadd677408d33e47a93fc,653ad7e5e882f528b34b59f5,635daf9d61099e0c9d235843,false,false,Sat Oct 29 2022 22:56:29 GMT+0000 (Coordinated Universal Time),Sun May 24 2026 20:31:17 GMT+0000 (Coordinated Universal Time),Thu May 28 2026 23:05:17 GMT+0000 (Coordinated Universal Time),46
Corn,corn,635dadd677408d33e47a93fc,653ad7e5e882f528b34b59f5,635daf9d1407d8374fbf6953,false,false,Sat Oct 29 2022 22:56:29 GMT+0000 (Coordinated Universal Time),Sun May 24 2026 20:31:17 GMT+0000 (Coordinated Universal Time),Thu May 28 2026 23:05:17 GMT+0000 (Coordinated Universal Time),47
Cranberry,cranberry,635dadd677408d33e47a93fc,653ad7e5e882f528b34b59f5,635daf9d4cc38f61489ac53b,false,false,Sat Oct 29 2022 22:56:29 GMT+0000 (Coordinated Universal Time),Sun May 24 2026 20:31:17 GMT+0000 (Coordinated Universal Time),Thu May 28 2026 23:05:17 GMT+0000 (Coordinated Universal Time),48
Crushed red pepper  ,crushed-red-pepper,635dadd677408d33e47a93fc,653ad7e5e882f528b34b59f5,69a085f911001dfa3e08d8c6,false,false,Thu Feb 26 2026 17:42:17 GMT+0000 (Coordinated Universal Time),Sun May 24 2026 20:31:17 GMT+0000 (Coordinated Universal Time),Thu May 28 2026 23:05:17 GMT+0000 (Coordinated Universal Time),51
Cucumber,cucumber,635dadd677408d33e47a93fc,653ad7e5e882f528b34b59f5,635daf9d47d161ffdb85c46f,false,false,Sat Oct 29 2022 22:56:29 GMT+0000 (Coordinated Universal Time),Sun May 24 2026 20:31:17 GMT+0000 (Coordinated Universal Time),Thu May 28 2026 23:05:17 GMT+0000 (Coordinated Universal Time),49
Dates,dates,635dadd677408d33e47a93fc,653ad7e5e882f528b34b59f5,635daf9d482d4a23f507fd1c,false,false,Sat Oct 29 2022 22:56:29 GMT+0000 (Coordinated Universal Time),Sun May 24 2026 20:31:17 GMT+0000 (Coordinated Universal Time),Thu May 28 2026 23:05:17 GMT+0000 (Coordinated Universal Time),52
Dill,dill,635dadd677408d33e47a93fc,653ad7e5e882f528b34b59f5,635daf9d3ea935c5deff3a34,false,false,Sat Oct 29 2022 22:56:29 GMT+0000 (Coordinated Universal Time),Sun May 24 2026 20:31:17 GMT+0000 (Coordinated Universal Time),Thu May 28 2026 23:05:17 GMT+0000 (Coordinated Universal Time),59
Eggplant,eggplant,635dadd677408d33e47a93fc,653ad7e5e882f528b34b59f5,635daf9d618e0a7efab16cf3,false,false,Sat Oct 29 2022 22:56:29 GMT+0000 (Coordinated Universal Time),Sun May 24 2026 20:31:39 GMT+0000 (Coordinated Universal Time),Thu May 28 2026 23:05:17 GMT+0000 (Coordinated Universal Time),60
Everything bagel seasoning,everything-bagel-seasoning-2,635dadd677408d33e47a93fc,653ad7e5e882f528b34b59f5,67c20bb017b72ebe5fd63e2c,false,false,Fri Feb 28 2025 19:17:04 GMT+0000 (Coordinated Universal Time),Sun May 24 2026 20:31:39 GMT+0000 (Coordinated Universal Time),Thu May 28 2026 23:05:17 GMT+0000 (Coordinated Universal Time),61
Flax egg,flax-egg,635dadd677408d33e47a93fc,653ad7e5e882f528b34b59f5,635daf9dc9179390033cbb53,false,false,Sat Oct 29 2022 22:56:29 GMT+0000 (Coordinated Universal Time),Sun May 24 2026 20:31:17 GMT+0000 (Coordinated Universal Time),Thu May 28 2026 23:05:17 GMT+0000 (Coordinated Universal Time),57
Flaxseeds,flaxseeds,635dadd677408d33e47a93fc,653ad7e5e882f528b34b59f5,647c0cb37dc1233a871891ed,false,false,Sun Jun 04 2023 04:01:55 GMT+0000 (Coordinated Universal Time),Sun May 24 2026 20:31:17 GMT+0000 (Coordinated Universal Time),Thu May 28 2026 23:05:17 GMT+0000 (Coordinated Universal Time),56
Flour,flour,635dadd677408d33e47a93fc,653ad7e5e882f528b34b59f5,635daf9dc7a1a70fea6ddb3c,false,false,Sat Oct 29 2022 22:56:29 GMT+0000 (Coordinated Universal Time),Sun May 24 2026 20:31:17 GMT+0000 (Coordinated Universal Time),Thu May 28 2026 23:05:17 GMT+0000 (Coordinated Universal Time),55
Garlic,garlic,635dadd677408d33e47a93fc,653ad7e5e882f528b34b59f5,635daf9d23db29515082fa11,false,false,Sat Oct 29 2022 22:56:29 GMT+0000 (Coordinated Universal Time),Sun May 24 2026 20:31:17 GMT+0000 (Coordinated Universal Time),Thu May 28 2026 23:05:17 GMT+0000 (Coordinated Universal Time),53
Gluten-free flour,gluten-free-flour,635dadd677408d33e47a93fc,653ad7e5e882f528b34b59f5,6799736774cf93671f0c82a3,false,false,Wed Jan 29 2025 00:16:39 GMT+0000 (Coordinated Universal Time),Sun May 24 2026 20:31:39 GMT+0000 (Coordinated Universal Time),Thu May 28 2026 23:05:17 GMT+0000 (Coordinated Universal Time),64
Grapefruit,grapefruit,635dadd677408d33e47a93fc,653ad7e5e882f528b34b59f5,635daf9dc7a1a7bbcf6ddb3e,false,false,Sat Oct 29 2022 22:56:29 GMT+0000 (Coordinated Universal Time),Sun May 24 2026 20:31:17 GMT+0000 (Coordinated Universal Time),Thu May 28 2026 23:05:17 GMT+0000 (Coordinated Universal Time),58
Grapes,grapes,635dadd677408d33e47a93fc,653ad7e5e882f528b34b59f5,67b8155e08af574b99fce920,false,false,Fri Feb 21 2025 05:55:42 GMT+0000 (Coordinated Universal Time),Fri Feb 21 2025 05:55:42 GMT+0000 (Coordinated Universal Time),Fri Feb 21 2025 05:55:42 GMT+0000 (Coordinated Universal Time),
Green beans,green-beans-2,635dadd677408d33e47a93fc,653ad7e5e882f528b34b59f5,68ae637e239506a3e99ac04c,false,false,Wed Aug 27 2025 01:46:38 GMT+0000 (Coordinated Universal Time),Wed Aug 27 2025 01:46:38 GMT+0000 (Coordinated Universal Time),Wed Aug 27 2025 01:46:38 GMT+0000 (Coordinated Universal Time),
Green onions,green-onions,635dadd677408d33e47a93fc,653ad7e5e882f528b34b59f5,635daf9d7b758d9301c9f82e,false,false,Sat Oct 29 2022 22:56:29 GMT+0000 (Coordinated Universal Time),Sun May 24 2026 20:31:39 GMT+0000 (Coordinated Universal Time),Thu May 28 2026 23:05:17 GMT+0000 (Coordinated Universal Time),62
Hazelnuts,hazelnuts,635dadd677408d33e47a93fc,653ad7e5e882f528b34b59f5,6439a583368de7803b979e41,false,false,Fri Apr 14 2023 19:12:03 GMT+0000 (Coordinated Universal Time),Fri Apr 14 2023 19:12:03 GMT+0000 (Coordinated Universal Time),Tue Oct 22 2024 14:40:51 GMT+0000 (Coordinated Universal Time),
Hemp seeds,hemp-seeds-2,635dadd677408d33e47a93fc,653ad7e5e882f528b34b59f5,67c20a9a266361257ae6d14c,false,false,Fri Feb 28 2025 19:12:26 GMT+0000 (Coordinated Universal Time),Fri Feb 28 2025 19:12:26 GMT+0000 (Coordinated Universal Time),Fri Feb 28 2025 19:12:26 GMT+0000 (Coordinated Universal Time),
Hibiscus tea,hibiscus-tea,635dadd677408d33e47a93fc,653ad7e5e882f528b34b59f5,69c5ad8bfcccdb753173405c,false,false,Thu Mar 26 2026 22:04:59 GMT+0000 (Coordinated Universal Time),Thu Mar 26 2026 22:04:59 GMT+0000 (Coordinated Universal Time),Thu Mar 26 2026 22:04:59 GMT+0000 (Coordinated Universal Time),
Hummus,hummus,635dadd677408d33e47a93fc,653ad7e5e882f528b34b59f5,645e93c56683f1c7cb2dea18,false,false,Fri May 12 2023 19:30:13 GMT+0000 (Coordinated Universal Time),Fri May 12 2023 19:30:13 GMT+0000 (Coordinated Universal Time),Tue Oct 22 2024 14:40:51 GMT+0000 (Coordinated Universal Time),
Hummus,hummus-2,635dadd677408d33e47a93fc,653ad7e5e882f528b34b59f5,69c4a749bd81402d5d4e7af8,false,false,Thu Mar 26 2026 03:26:01 GMT+0000 (Coordinated Universal Time),Thu Mar 26 2026 03:26:01 GMT+0000 (Coordinated Universal Time),Thu Mar 26 2026 03:26:01 GMT+0000 (Coordinated Universal Time),
Jackfruit,jackfruit,635dadd677408d33e47a93fc,653ad7e5e882f528b34b59f5,64556a510b09de3ccb600564,false,false,Fri May 05 2023 20:42:57 GMT+0000 (Coordinated Universal Time),Sun May 24 2026 20:30:28 GMT+0000 (Coordinated Universal Time),Thu May 28 2026 23:05:17 GMT+0000 (Coordinated Universal Time),16
Jalapeño,jalapeno,635dadd677408d33e47a93fc,653ad7e5e882f528b34b59f5,63a22a12acd1ef109200841d,false,false,Tue Dec 20 2022 21:33:06 GMT+0000 (Coordinated Universal Time),Sun May 24 2026 20:35:00 GMT+0000 (Coordinated Universal Time),Thu May 28 2026 23:05:17 GMT+0000 (Coordinated Universal Time),63
Jam,jam,635dadd677408d33e47a93fc,653ad7e5e882f528b34b59f5,69ae443704cd9e6449e728ec,false,false,Mon Mar 09 2026 03:53:27 GMT+0000 (Coordinated Universal Time),Mon Mar 09 2026 03:53:27 GMT+0000 (Coordinated Universal Time),Mon Mar 09 2026 03:53:27 GMT+0000 (Coordinated Universal Time),
Kale,kale,635dadd677408d33e47a93fc,653ad7e5e882f528b34b59f5,635daf9e96e6ef9e5a5fc393,false,false,Sat Oct 29 2022 22:56:30 GMT+0000 (Coordinated Universal Time),Sun May 24 2026 20:32:47 GMT+0000 (Coordinated Universal Time),Thu May 28 2026 23:05:17 GMT+0000 (Coordinated Universal Time),100
Kidney beans,kidney-beans,635dadd677408d33e47a93fc,653ad7e5e882f528b34b59f5,63a2252c5a20e52bd644a1f8,false,false,Tue Dec 20 2022 21:12:12 GMT+0000 (Coordinated Universal Time),Sun May 24 2026 20:35:00 GMT+0000 (Coordinated Universal Time),Thu May 28 2026 23:05:17 GMT+0000 (Coordinated Universal Time),109
Lasagna,lasagna,635dadd677408d33e47a93fc,653ad7e5e882f528b34b59f5,63e2db4a72a90fb955b3092f,false,false,Tue Feb 07 2023 23:14:18 GMT+0000 (Coordinated Universal Time),Sun May 24 2026 20:35:00 GMT+0000 (Coordinated Universal Time),Thu May 28 2026 23:05:17 GMT+0000 (Coordinated Universal Time),69
Leek,leek,635dadd677408d33e47a93fc,653ad7e5e882f528b34b59f5,67db2c490ed97df651d86c89,false,false,Wed Mar 19 2025 20:42:49 GMT+0000 (Coordinated Universal Time),Sun May 24 2026 20:31:39 GMT+0000 (Coordinated Universal Time),Thu May 28 2026 23:05:17 GMT+0000 (Coordinated Universal Time),67
Leeks,leeks,635dadd677408d33e47a93fc,653ad7e5e882f528b34b59f5,635daf9e618e0a0ac1b16cf9,false,false,Sat Oct 29 2022 22:56:30 GMT+0000 (Coordinated Universal Time),Sun May 24 2026 20:31:39 GMT+0000 (Coordinated Universal Time),Thu May 28 2026 23:05:17 GMT+0000 (Coordinated Universal Time),66
Lemon,lemon,635dadd677408d33e47a93fc,653ad7e5e882f528b34b59f5,635daf9e7080451cd847c8ec,false,false,Sat Oct 29 2022 22:56:30 GMT+0000 (Coordinated Universal Time),Sun May 24 2026 20:31:39 GMT+0000 (Coordinated Universal Time),Thu May 28 2026 23:05:17 GMT+0000 (Coordinated Universal Time),68
Lentils,lentils,635dadd677408d33e47a93fc,653ad7e5e882f528b34b59f5,635daf9eb59636132967e969,false,false,Sat Oct 29 2022 22:56:30 GMT+0000 (Coordinated Universal Time),Sun May 24 2026 20:31:39 GMT+0000 (Coordinated Universal Time),Thu May 28 2026 23:05:17 GMT+0000 (Coordinated Universal Time),69
Lettuce,lettuce,635dadd677408d33e47a93fc,653ad7e5e882f528b34b59f5,635daf9e1407d88088bf6957,false,false,Sat Oct 29 2022 22:56:30 GMT+0000 (Coordinated Universal Time),Sun May 24 2026 20:31:39 GMT+0000 (Coordinated Universal Time),Thu May 28 2026 23:05:17 GMT+0000 (Coordinated Universal Time),70
Lime,lime,635dadd677408d33e47a93fc,653ad7e5e882f528b34b59f5,635daf9e482d4a4c8f07fd1e,false,false,Sat Oct 29 2022 22:56:30 GMT+0000 (Coordinated Universal Time),Sun May 24 2026 20:31:39 GMT+0000 (Coordinated Universal Time),Thu May 28 2026 23:05:17 GMT+0000 (Coordinated Universal Time),71
Linguine,linguine,635dadd677408d33e47a93fc,653ad7e5e882f528b34b59f5,69a08477889845e38efe2c10,false,false,Thu Feb 26 2026 17:35:51 GMT+0000 (Coordinated Universal Time),Sun May 24 2026 20:31:39 GMT+0000 (Coordinated Universal Time),Thu May 28 2026 23:05:17 GMT+0000 (Coordinated Universal Time),73
Mandarin,mandarin,635dadd677408d33e47a93fc,653ad7e5e882f528b34b59f5,68aa54aba2762418bb03042b,false,false,Sat Aug 23 2025 23:54:19 GMT+0000 (Coordinated Universal Time),Sun May 24 2026 20:31:39 GMT+0000 (Coordinated Universal Time),Thu May 28 2026 23:05:17 GMT+0000 (Coordinated Universal Time),75
Mango,mango,635dadd677408d33e47a93fc,653ad7e5e882f528b34b59f5,635daf9ee19fbda78f0849dd,false,false,Sat Oct 29 2022 22:56:30 GMT+0000 (Coordinated Universal Time),Sun May 24 2026 20:31:39 GMT+0000 (Coordinated Universal Time),Thu May 28 2026 23:05:17 GMT+0000 (Coordinated Universal Time),74
Maple syrup,maple-syrup,635dadd677408d33e47a93fc,653ad7e5e882f528b34b59f5,63e1432f4c2e62b0d764ffcf,false,false,Mon Feb 06 2023 18:13:03 GMT+0000 (Coordinated Universal Time),Sun May 24 2026 20:35:00 GMT+0000 (Coordinated Universal Time),Thu May 28 2026 23:05:17 GMT+0000 (Coordinated Universal Time),76
Matcha,matcha,635dadd677408d33e47a93fc,653ad7e5e882f528b34b59f5,68257350ae6c047c66c9a94f,false,false,Thu May 15 2025 04:53:36 GMT+0000 (Coordinated Universal Time),Thu May 15 2025 04:53:36 GMT+0000 (Coordinated Universal Time),Thu May 15 2025 04:53:36 GMT+0000 (Coordinated Universal Time),
Mint,mint,635dadd677408d33e47a93fc,653ad7e5e882f528b34b59f5,677d8aae87621da3dd9f6aec,false,false,Tue Jan 07 2025 20:12:30 GMT+0000 (Coordinated Universal Time),Sun May 24 2026 20:31:39 GMT+0000 (Coordinated Universal Time),Thu May 28 2026 23:05:17 GMT+0000 (Coordinated Universal Time),79
Mixed greens,mixed-greens,635dadd677408d33e47a93fc,653ad7e5e882f528b34b59f5,635daf9e5f68fe1252794e18,false,false,Sat Oct 29 2022 22:56:30 GMT+0000 (Coordinated Universal Time),Sun May 24 2026 20:31:39 GMT+0000 (Coordinated Universal Time),Thu May 28 2026 23:05:17 GMT+0000 (Coordinated Universal Time),78
Mushrooms,mushrooms,635dadd677408d33e47a93fc,653ad7e5e882f528b34b59f5,635daf9eb59636a63e67e96b,false,false,Sat Oct 29 2022 22:56:30 GMT+0000 (Coordinated Universal Time),Sun May 24 2026 20:32:08 GMT+0000 (Coordinated Universal Time),Thu May 28 2026 23:05:17 GMT+0000 (Coordinated Universal Time),81
Napa Cabbage,napa-cabbage,635dadd677408d33e47a93fc,653ad7e5e882f528b34b59f5,687d7cb3459acab5f7dd56ed,false,false,Sun Jul 20 2025 23:33:07 GMT+0000 (Coordinated Universal Time),Sun May 24 2026 20:32:08 GMT+0000 (Coordinated Universal Time),Thu May 28 2026 23:05:17 GMT+0000 (Coordinated Universal Time),84
Navy beans,navy-beans,635dadd677408d33e47a93fc,653ad7e5e882f528b34b59f5,6982ac134ea0eef93b3c1a66,false,false,Wed Feb 04 2026 02:16:51 GMT+0000 (Coordinated Universal Time),Sun May 24 2026 20:32:08 GMT+0000 (Coordinated Universal Time),Thu May 28 2026 23:05:17 GMT+0000 (Coordinated Universal Time),83
non-dairy milk,non-dairy-milk,635dadd677408d33e47a93fc,653ad7e5e882f528b34b59f5,692234d32b5d4a104d869292,false,false,Sat Nov 22 2025 22:10:27 GMT+0000 (Coordinated Universal Time),Sat Nov 22 2025 22:10:27 GMT+0000 (Coordinated Universal Time),Sat Nov 22 2025 22:10:27 GMT+0000 (Coordinated Universal Time),
Nut butter,nut-butter,635dadd677408d33e47a93fc,653ad7e5e882f528b34b59f5,635daf9ec917937a903cbb66,false,false,Sat Oct 29 2022 22:56:30 GMT+0000 (Coordinated Universal Time),Sun May 24 2026 20:32:08 GMT+0000 (Coordinated Universal Time),Thu May 28 2026 23:05:17 GMT+0000 (Coordinated Universal Time),82
Nutritional yeast,nutritional-yeast,635dadd677408d33e47a93fc,653ad7e5e882f528b34b59f5,63a34f6a5623a80a7c3dfbe1,false,false,Wed Dec 21 2022 18:24:42 GMT+0000 (Coordinated Universal Time),Sun May 24 2026 20:35:00 GMT+0000 (Coordinated Universal Time),Thu May 28 2026 23:05:17 GMT+0000 (Coordinated Universal Time),83
Nuts,nuts,635dadd677408d33e47a93fc,653ad7e5e882f528b34b59f5,635daf9ef95dcc527628f17d,false,false,Sat Oct 29 2022 22:56:30 GMT+0000 (Coordinated Universal Time),Sun May 24 2026 20:35:00 GMT+0000 (Coordinated Universal Time),Thu May 28 2026 23:05:17 GMT+0000 (Coordinated Universal Time),131
Oat milk,oat-milk,635dadd677408d33e47a93fc,653ad7e5e882f528b34b59f5,679973968db2c89cb584e40c,false,false,Wed Jan 29 2025 00:17:26 GMT+0000 (Coordinated Universal Time),Sun May 24 2026 20:31:39 GMT+0000 (Coordinated Universal Time),Thu May 28 2026 23:05:17 GMT+0000 (Coordinated Universal Time),63
Oats,oats,635dadd677408d33e47a93fc,653ad7e5e882f528b34b59f5,63a4b1f23f328ce76ba13a35,false,false,Thu Dec 22 2022 19:37:22 GMT+0000 (Coordinated Universal Time),Sun May 24 2026 20:32:08 GMT+0000 (Coordinated Universal Time),Thu May 28 2026 23:05:17 GMT+0000 (Coordinated Universal Time),96
Old-fashioned rolled oats,old-fashioned-rolled-oats,635dadd677408d33e47a93fc,653ad7e5e882f528b34b59f5,68ae8d1253226dc3240709b3,false,false,Wed Aug 27 2025 04:44:02 GMT+0000 (Coordinated Universal Time),Wed Aug 27 2025 04:44:02 GMT+0000 (Coordinated Universal Time),Wed Aug 27 2025 04:44:02 GMT+0000 (Coordinated Universal Time),
Olive oil,olive-oil,635dadd677408d33e47a93fc,653ad7e5e882f528b34b59f5,69a08485b7af36755a7a8b4f,false,false,Thu Feb 26 2026 17:36:05 GMT+0000 (Coordinated Universal Time),Thu Feb 26 2026 17:36:05 GMT+0000 (Coordinated Universal Time),Thu Feb 26 2026 17:36:05 GMT+0000 (Coordinated Universal Time),
Onion,onion,635dadd677408d33e47a93fc,653ad7e5e882f528b34b59f5,67a807a8a156330db4ecc06a,false,false,Sun Feb 09 2025 01:40:56 GMT+0000 (Coordinated Universal Time),Sun Feb 09 2025 01:48:42 GMT+0000 (Coordinated Universal Time),Thu Feb 13 2025 16:29:20 GMT+0000 (Coordinated Universal Time),
Onions,onions,635dadd677408d33e47a93fc,653ad7e5e882f528b34b59f5,635daf9eb165561c8be6971d,false,false,Sat Oct 29 2022 22:56:30 GMT+0000 (Coordinated Universal Time),Sun May 24 2026 20:32:08 GMT+0000 (Coordinated Universal Time),Thu May 28 2026 23:05:17 GMT+0000 (Coordinated Universal Time),80
Orange,orange,635dadd677408d33e47a93fc,653ad7e5e882f528b34b59f5,635daf9ef95dcc5a3728f17b,false,false,Sat Oct 29 2022 22:56:30 GMT+0000 (Coordinated Universal Time),Sun May 24 2026 20:34:40 GMT+0000 (Coordinated Universal Time),Thu May 28 2026 23:05:17 GMT+0000 (Coordinated Universal Time),137
Oregano,oregano,635dadd677408d33e47a93fc,653ad7e5e882f528b34b59f5,69a084e6c440c809b3166cfb,false,false,Thu Feb 26 2026 17:37:42 GMT+0000 (Coordinated Universal Time),Thu Feb 26 2026 17:37:42 GMT+0000 (Coordinated Universal Time),Thu Feb 26 2026 17:37:42 GMT+0000 (Coordinated Universal Time),
Parsley,parsley,635dadd677408d33e47a93fc,653ad7e5e882f528b34b59f5,635daf9e60eb5ad6a7971c2b,false,false,Sat Oct 29 2022 22:56:30 GMT+0000 (Coordinated Universal Time),Sun May 24 2026 20:32:08 GMT+0000 (Coordinated Universal Time),Thu May 28 2026 23:05:17 GMT+0000 (Coordinated Universal Time),95
Pasta,pasta,635dadd677408d33e47a93fc,653ad7e5e882f528b34b59f5,635daf9e618e0a63cfb16cfb,false,false,Sat Oct 29 2022 22:56:30 GMT+0000 (Coordinated Universal Time),Sun May 24 2026 20:32:08 GMT+0000 (Coordinated Universal Time),Thu May 28 2026 23:05:17 GMT+0000 (Coordinated Universal Time),87
Pasta,pasta-2,635dadd677408d33e47a93fc,653ad7e5e882f528b34b59f5,694752eb2f1c1cbe6060c3bd,false,false,Sun Dec 21 2025 01:52:43 GMT+0000 (Coordinated Universal Time),Sun Dec 21 2025 01:52:43 GMT+0000 (Coordinated Universal Time),Sun Dec 21 2025 01:52:43 GMT+0000 (Coordinated Universal Time),
Pasta sauce,pasta-sauce-2,635dadd677408d33e47a93fc,653ad7e5e882f528b34b59f5,63e2ea1942633665f561ab71,false,false,Wed Feb 08 2023 00:17:29 GMT+0000 (Coordinated Universal Time),Sun May 24 2026 20:35:00 GMT+0000 (Coordinated Universal Time),Thu May 28 2026 23:05:17 GMT+0000 (Coordinated Universal Time),130
Peanut butter,peanut-butter,635dadd677408d33e47a93fc,653ad7e5e882f528b34b59f5,63a4b20b27f86280ebe82034,false,false,Thu Dec 22 2022 19:37:47 GMT+0000 (Coordinated Universal Time),Sun May 24 2026 20:32:08 GMT+0000 (Coordinated Universal Time),Thu May 28 2026 23:05:17 GMT+0000 (Coordinated Universal Time),97
Peanuts,peanuts,635dadd677408d33e47a93fc,653ad7e5e882f528b34b59f5,6404f89891cc49099a793d02,false,false,Sun Mar 05 2023 20:16:24 GMT+0000 (Coordinated Universal Time),Sun May 24 2026 20:32:47 GMT+0000 (Coordinated Universal Time),Thu May 28 2026 23:05:17 GMT+0000 (Coordinated Universal Time),98
Peas,peas,635dadd677408d33e47a93fc,653ad7e5e882f528b34b59f5,635daf9e4cc38fbfbf9ac564,false,false,Sat Oct 29 2022 22:56:30 GMT+0000 (Coordinated Universal Time),Sun May 24 2026 20:32:08 GMT+0000 (Coordinated Universal Time),Thu May 28 2026 23:05:17 GMT+0000 (Coordinated Universal Time),92
Pesto,pesto,635dadd677408d33e47a93fc,653ad7e5e882f528b34b59f5,63e566c0e382d40f4ca45500,false,false,Thu Feb 09 2023 21:33:52 GMT+0000 (Coordinated Universal Time),Sun May 24 2026 20:35:00 GMT+0000 (Coordinated Universal Time),Thu May 28 2026 23:05:17 GMT+0000 (Coordinated Universal Time),99
Pickles,pickles,635dadd677408d33e47a93fc,653ad7e5e882f528b34b59f5,67ae46aafb1e6616fc4a1166,false,false,Thu Feb 13 2025 19:23:22 GMT+0000 (Coordinated Universal Time),Thu Feb 13 2025 19:42:14 GMT+0000 (Coordinated Universal Time),Thu Feb 13 2025 19:43:44 GMT+0000 (Coordinated Universal Time),
Pine nuts,pine-nuts,635dadd677408d33e47a93fc,653ad7e5e882f528b34b59f5,63a34f47cbc538aedad0de18,false,false,Wed Dec 21 2022 18:24:07 GMT+0000 (Coordinated Universal Time),Sun May 24 2026 20:32:08 GMT+0000 (Coordinated Universal Time),Thu May 28 2026 23:05:17 GMT+0000 (Coordinated Universal Time),85
Pineapple,pineapple,635dadd677408d33e47a93fc,653ad7e5e882f528b34b59f5,635daf9eb165560cfae6972c,false,false,Sat Oct 29 2022 22:56:30 GMT+0000 (Coordinated Universal Time),Sun May 24 2026 20:32:48 GMT+0000 (Coordinated Universal Time),Thu May 28 2026 23:05:17 GMT+0000 (Coordinated Universal Time),101
Pink orange,pink-orange,635dadd677408d33e47a93fc,653ad7e5e882f528b34b59f5,67f81f1c877165434afa1550,false,false,Thu Apr 10 2025 19:42:20 GMT+0000 (Coordinated Universal Time),Sun May 24 2026 20:32:08 GMT+0000 (Coordinated Universal Time),Thu May 28 2026 23:05:17 GMT+0000 (Coordinated Universal Time),86
Pinto beans,pinto-beans,635dadd677408d33e47a93fc,653ad7e5e882f528b34b59f5,635daf9f7b758d4dccc9f831,false,false,Sat Oct 29 2022 22:56:31 GMT+0000 (Coordinated Universal Time),Sun May 24 2026 20:33:34 GMT+0000 (Coordinated Universal Time),Thu May 28 2026 23:05:17 GMT+0000 (Coordinated Universal Time),124
Pistachio,pistachio,635dadd677408d33e47a93fc,653ad7e5e882f528b34b59f5,67e4523b0ceef6c27982d8da,false,false,Wed Mar 26 2025 19:15:07 GMT+0000 (Coordinated Universal Time),Sun May 24 2026 20:32:47 GMT+0000 (Coordinated Universal Time),Thu May 28 2026 23:05:17 GMT+0000 (Coordinated Universal Time),99
Plant milk,plant-milk,635dadd677408d33e47a93fc,653ad7e5e882f528b34b59f5,63e1434a706330b102fbe331,false,false,Mon Feb 06 2023 18:13:30 GMT+0000 (Coordinated Universal Time),Sun May 24 2026 20:35:00 GMT+0000 (Coordinated Universal Time),Thu May 28 2026 23:05:17 GMT+0000 (Coordinated Universal Time),84
Pomegranate,pomegranate,635dadd677408d33e47a93fc,653ad7e5e882f528b34b59f5,635daf9f7080459a6347c8ee,false,false,Sat Oct 29 2022 22:56:31 GMT+0000 (Coordinated Universal Time),Sun May 24 2026 20:32:48 GMT+0000 (Coordinated Universal Time),Thu May 28 2026 23:05:17 GMT+0000 (Coordinated Universal Time),102
Pomegranate molasses,pomegranate-molasses,635dadd677408d33e47a93fc,653ad7e5e882f528b34b59f5,67a807bf1c87658f638f9907,false,false,Sun Feb 09 2025 01:41:19 GMT+0000 (Coordinated Universal Time),Sun Feb 09 2025 01:48:42 GMT+0000 (Coordinated Universal Time),Thu Feb 13 2025 16:29:20 GMT+0000 (Coordinated Universal Time),
Popcorn,popcorn,635dadd677408d33e47a93fc,653ad7e5e882f528b34b59f5,63e5c39e0c86515085285889,false,false,Fri Feb 10 2023 04:10:06 GMT+0000 (Coordinated Universal Time),Sun May 24 2026 20:35:00 GMT+0000 (Coordinated Universal Time),Thu May 28 2026 23:05:17 GMT+0000 (Coordinated Universal Time),107
Popcorn kernels,popcorn-kernels,635dadd677408d33e47a93fc,653ad7e5e882f528b34b59f5,679c4c995cc91ade6f3059c3,false,false,Fri Jan 31 2025 04:07:53 GMT+0000 (Coordinated Universal Time),Sun May 24 2026 20:35:00 GMT+0000 (Coordinated Universal Time),Thu May 28 2026 23:05:17 GMT+0000 (Coordinated Universal Time),103
Poppy seeds,poppy-seeds,635dadd677408d33e47a93fc,653ad7e5e882f528b34b59f5,68ddd07e6d5f40d99873ef1c,false,false,Thu Oct 02 2025 01:08:14 GMT+0000 (Coordinated Universal Time),Thu Oct 02 2025 01:08:14 GMT+0000 (Coordinated Universal Time),Thu Oct 02 2025 01:08:14 GMT+0000 (Coordinated Universal Time),
Portobello,portobello,635dadd677408d33e47a93fc,653ad7e5e882f528b34b59f5,635daf9f77408d1cc97aa0a5,false,false,Sat Oct 29 2022 22:56:31 GMT+0000 (Coordinated Universal Time),Sun May 24 2026 20:34:40 GMT+0000 (Coordinated Universal Time),Thu May 28 2026 23:05:17 GMT+0000 (Coordinated Universal Time),118
Potatoes,potatoes,635dadd677408d33e47a93fc,653ad7e5e882f528b34b59f5,635daf9f41528acc6edeefad,false,false,Sat Oct 29 2022 22:56:31 GMT+0000 (Coordinated Universal Time),Sun May 24 2026 20:33:42 GMT+0000 (Coordinated Universal Time),Thu May 28 2026 23:05:17 GMT+0000 (Coordinated Universal Time),114
Pumpkin,pumpkin,635dadd677408d33e47a93fc,653ad7e5e882f528b34b59f5,635daf9f708045105b47c8f0,false,false,Sat Oct 29 2022 22:56:31 GMT+0000 (Coordinated Universal Time),Sun May 24 2026 20:34:40 GMT+0000 (Coordinated Universal Time),Thu May 28 2026 23:05:17 GMT+0000 (Coordinated Universal Time),108
Pumpkin seeds,pumpkin-seeds-2,635dadd677408d33e47a93fc,653ad7e5e882f528b34b59f5,67c20a91f336790bc6d06a5a,false,false,Fri Feb 28 2025 19:12:17 GMT+0000 (Coordinated Universal Time),Fri Feb 28 2025 19:12:17 GMT+0000 (Coordinated Universal Time),Fri Feb 28 2025 19:12:17 GMT+0000 (Coordinated Universal Time),
Quinoa,quinoa,635dadd677408d33e47a93fc,653ad7e5e882f528b34b59f5,635daf9f0b918d66440f4325,false,false,Sat Oct 29 2022 22:56:31 GMT+0000 (Coordinated Universal Time),Sun May 24 2026 20:32:48 GMT+0000 (Coordinated Universal Time),Thu May 28 2026 23:05:17 GMT+0000 (Coordinated Universal Time),104
Quinoa,quinoa-2,635dadd677408d33e47a93fc,653ad7e5e882f528b34b59f5,64288b5a937ff844d2ceca06,false,false,Sat Apr 01 2023 19:51:54 GMT+0000 (Coordinated Universal Time),Sat Apr 01 2023 19:51:54 GMT+0000 (Coordinated Universal Time),Tue Oct 22 2024 14:40:51 GMT+0000 (Coordinated Universal Time),
Radishes,radishes,635dadd677408d33e47a93fc,653ad7e5e882f528b34b59f5,635daf9f0124f41af7ed1b34,false,false,Sat Oct 29 2022 22:56:31 GMT+0000 (Coordinated Universal Time),Sun May 24 2026 20:32:48 GMT+0000 (Coordinated Universal Time),Thu May 28 2026 23:05:17 GMT+0000 (Coordinated Universal Time),105
Rainbow chard,rainbow-chard,635dadd677408d33e47a93fc,653ad7e5e882f528b34b59f5,635daf9f70620b62decda398,false,false,Sat Oct 29 2022 22:56:31 GMT+0000 (Coordinated Universal Time),Sun May 24 2026 20:32:48 GMT+0000 (Coordinated Universal Time),Thu May 28 2026 23:05:17 GMT+0000 (Coordinated Universal Time),103
Ranch dressing,ranch-dressing-2,635dadd677408d33e47a93fc,653ad7e5e882f528b34b59f5,67c20ce1756132d646cfdbb8,false,false,Fri Feb 28 2025 19:22:09 GMT+0000 (Coordinated Universal Time),Sun May 24 2026 20:32:08 GMT+0000 (Coordinated Universal Time),Thu May 28 2026 23:05:17 GMT+0000 (Coordinated Universal Time),90
Raspberries,raspberries,635dadd677408d33e47a93fc,653ad7e5e882f528b34b59f5,635daf9f41528a2cc3deefaf,false,false,Sat Oct 29 2022 22:56:31 GMT+0000 (Coordinated Universal Time),Sun May 24 2026 20:34:40 GMT+0000 (Coordinated Universal Time),Thu May 28 2026 23:05:17 GMT+0000 (Coordinated Universal Time),106
Raw cashews,raw-cashews,635dadd677408d33e47a93fc,653ad7e5e882f528b34b59f5,6420f0043cff8100685423f1,false,false,Mon Mar 27 2023 01:23:16 GMT+0000 (Coordinated Universal Time),Mon Mar 27 2023 01:23:16 GMT+0000 (Coordinated Universal Time),Tue Oct 22 2024 14:40:51 GMT+0000 (Coordinated Universal Time),
Red cabbage,red-cabbage,635dadd677408d33e47a93fc,653ad7e5e882f528b34b59f5,635daf9fc7a1a723976ddb41,false,false,Sat Oct 29 2022 22:56:31 GMT+0000 (Coordinated Universal Time),Sun May 24 2026 20:33:42 GMT+0000 (Coordinated Universal Time),Thu May 28 2026 23:05:17 GMT+0000 (Coordinated Universal Time),112
Red onion,red-onion,635dadd677408d33e47a93fc,653ad7e5e882f528b34b59f5,635daf9f5dee79a97759dffc,false,false,Sat Oct 29 2022 22:56:31 GMT+0000 (Coordinated Universal Time),Sun May 24 2026 20:33:23 GMT+0000 (Coordinated Universal Time),Thu May 28 2026 23:05:17 GMT+0000 (Coordinated Universal Time),111
Red pepper,red-pepper,635dadd677408d33e47a93fc,653ad7e5e882f528b34b59f5,635daf9fb596361f3a67e9a4,false,false,Sat Oct 29 2022 22:56:31 GMT+0000 (Coordinated Universal Time),Sun May 24 2026 20:33:42 GMT+0000 (Coordinated Universal Time),Thu May 28 2026 23:05:17 GMT+0000 (Coordinated Universal Time),113
Rhubarb,rhubarb,635dadd677408d33e47a93fc,653ad7e5e882f528b34b59f5,635daf9f482d4a5ee707fd20,false,false,Sat Oct 29 2022 22:56:31 GMT+0000 (Coordinated Universal Time),Sun May 24 2026 20:33:42 GMT+0000 (Coordinated Universal Time),Thu May 28 2026 23:05:17 GMT+0000 (Coordinated Universal Time),115
Rice,rice,635dadd677408d33e47a93fc,653ad7e5e882f528b34b59f5,635daf9f77408d95ef7aa0a7,false,false,Sat Oct 29 2022 22:56:31 GMT+0000 (Coordinated Universal Time),Sun May 24 2026 20:33:02 GMT+0000 (Coordinated Universal Time),Thu May 28 2026 23:05:17 GMT+0000 (Coordinated Universal Time),109
Rice cakes,rice-cakes,635dadd677408d33e47a93fc,653ad7e5e882f528b34b59f5,69ae441b41366f7fa79d47a3,false,false,Mon Mar 09 2026 03:52:59 GMT+0000 (Coordinated Universal Time),Sun May 24 2026 20:33:02 GMT+0000 (Coordinated Universal Time),Thu May 28 2026 23:05:17 GMT+0000 (Coordinated Universal Time),110
Salt,salt,635dadd677408d33e47a93fc,653ad7e5e882f528b34b59f5,69449009e04b18b2f02c03f5,false,false,Thu Dec 18 2025 23:36:41 GMT+0000 (Coordinated Universal Time),Thu Dec 18 2025 23:36:41 GMT+0000 (Coordinated Universal Time),Thu Dec 18 2025 23:36:41 GMT+0000 (Coordinated Universal Time),
Seaweed,seaweed,635dadd677408d33e47a93fc,653ad7e5e882f528b34b59f5,67c206600de446eb72be70d4,false,false,Fri Feb 28 2025 18:54:24 GMT+0000 (Coordinated Universal Time),Fri Feb 28 2025 18:54:24 GMT+0000 (Coordinated Universal Time),Fri Feb 28 2025 18:54:24 GMT+0000 (Coordinated Universal Time),
Serrano pepper,serrano-pepper,635dadd677408d33e47a93fc,653ad7e5e882f528b34b59f5,63a229f61e4b58664a9f27e1,false,false,Tue Dec 20 2022 21:32:38 GMT+0000 (Coordinated Universal Time),Sun May 24 2026 20:34:40 GMT+0000 (Coordinated Universal Time),Thu May 28 2026 23:05:17 GMT+0000 (Coordinated Universal Time),127
Sesame seeds,sesame-seeds-2,635dadd677408d33e47a93fc,653ad7e5e882f528b34b59f5,67c20aff4901fdac9ae6ca1d,false,false,Fri Feb 28 2025 19:14:07 GMT+0000 (Coordinated Universal Time),Fri Feb 28 2025 19:14:07 GMT+0000 (Coordinated Universal Time),Fri Feb 28 2025 19:14:07 GMT+0000 (Coordinated Universal Time),
Sourdough bread,sourdough-bread,635dadd677408d33e47a93fc,653ad7e5e882f528b34b59f5,6938fdecc9d49cb42b251c4d,false,false,Wed Dec 10 2025 04:58:20 GMT+0000 (Coordinated Universal Time),Wed Dec 10 2025 04:58:20 GMT+0000 (Coordinated Universal Time),Wed Dec 10 2025 04:58:20 GMT+0000 (Coordinated Universal Time),
Soy milk,soy-milk-2,635dadd677408d33e47a93fc,653ad7e5e882f528b34b59f5,67c20c3613dd8b2ed76a3fe1,false,false,Fri Feb 28 2025 19:19:18 GMT+0000 (Coordinated Universal Time),Sun May 24 2026 20:34:40 GMT+0000 (Coordinated Universal Time),Thu May 28 2026 23:05:17 GMT+0000 (Coordinated Universal Time),125
Spaghetti,spaghetti,635dadd677408d33e47a93fc,653ad7e5e882f528b34b59f5,69a08467f6f33277155c9c88,false,false,Thu Feb 26 2026 17:35:35 GMT+0000 (Coordinated Universal Time),Sun May 24 2026 20:34:00 GMT+0000 (Coordinated Universal Time),Thu May 28 2026 23:05:17 GMT+0000 (Coordinated Universal Time),128
Spinach,spinach,635dadd677408d33e47a93fc,653ad7e5e882f528b34b59f5,635daf9ff57282ad45f5e189,false,false,Sat Oct 29 2022 22:56:31 GMT+0000 (Coordinated Universal Time),Sun May 24 2026 20:34:00 GMT+0000 (Coordinated Universal Time),Thu May 28 2026 23:05:17 GMT+0000 (Coordinated Universal Time),116
Spinach,spinach-2,635dadd677408d33e47a93fc,653ad7e5e882f528b34b59f5,69c4a79c3ec6d55804f070c7,false,false,Thu Mar 26 2026 03:27:24 GMT+0000 (Coordinated Universal Time),Sun May 24 2026 20:34:00 GMT+0000 (Coordinated Universal Time),Thu May 28 2026 23:05:17 GMT+0000 (Coordinated Universal Time),127
Spring onions,spring-onions,635dadd677408d33e47a93fc,653ad7e5e882f528b34b59f5,68e1a7a212e15368689a18a4,false,false,Sat Oct 04 2025 23:02:58 GMT+0000 (Coordinated Universal Time),Sat Oct 04 2025 23:02:58 GMT+0000 (Coordinated Universal Time),Sat Oct 04 2025 23:02:58 GMT+0000 (Coordinated Universal Time),
Sprouts,sprouts-2,635dadd677408d33e47a93fc,653ad7e5e882f528b34b59f5,645e93e7194af6ae43daaa50,false,false,Fri May 12 2023 19:30:47 GMT+0000 (Coordinated Universal Time),Fri May 12 2023 19:30:47 GMT+0000 (Coordinated Universal Time),Tue Oct 22 2024 14:40:51 GMT+0000 (Coordinated Universal Time),
Strawberries,strawberries,635dadd677408d33e47a93fc,653ad7e5e882f528b34b59f5,635daf9f3ea9352096ff3a36,false,false,Sat Oct 29 2022 22:56:31 GMT+0000 (Coordinated Universal Time),Sun May 24 2026 20:34:40 GMT+0000 (Coordinated Universal Time),Thu May 28 2026 23:05:17 GMT+0000 (Coordinated Universal Time),123
Sunflower seeds,sunflower-seeds-2,635dadd677408d33e47a93fc,653ad7e5e882f528b34b59f5,67c20ab639869c1f88b14d39,false,false,Fri Feb 28 2025 19:12:54 GMT+0000 (Coordinated Universal Time),Fri Feb 28 2025 19:12:54 GMT+0000 (Coordinated Universal Time),Fri Feb 28 2025 19:12:54 GMT+0000 (Coordinated Universal Time),
Sushi nori,sushi-nori,635dadd677408d33e47a93fc,653ad7e5e882f528b34b59f5,67c206a495f4657ffc71ed35,false,false,Fri Feb 28 2025 18:55:32 GMT+0000 (Coordinated Universal Time),Sun May 24 2026 20:34:00 GMT+0000 (Coordinated Universal Time),Thu May 28 2026 23:05:17 GMT+0000 (Coordinated Universal Time),132
Sushi rice,sushi-rice,635dadd677408d33e47a93fc,653ad7e5e882f528b34b59f5,67c2063cc9f593890314fb59,false,false,Fri Feb 28 2025 18:53:48 GMT+0000 (Coordinated Universal Time),Sun May 24 2026 20:34:00 GMT+0000 (Coordinated Universal Time),Thu May 28 2026 23:05:17 GMT+0000 (Coordinated Universal Time),133
Sweet potato,sweet-potato,635dadd677408d33e47a93fc,653ad7e5e882f528b34b59f5,635daf9f77408d5ce17aa0a9,false,false,Sat Oct 29 2022 22:56:31 GMT+0000 (Coordinated Universal Time),Sun May 24 2026 20:34:40 GMT+0000 (Coordinated Universal Time),Thu May 28 2026 23:05:17 GMT+0000 (Coordinated Universal Time),122
Tahini,tahini,635dadd677408d33e47a93fc,653ad7e5e882f528b34b59f5,635daf9f6c5db6e059e0afb8,false,false,Sat Oct 29 2022 22:56:31 GMT+0000 (Coordinated Universal Time),Sun May 24 2026 20:34:40 GMT+0000 (Coordinated Universal Time),Thu May 28 2026 23:05:17 GMT+0000 (Coordinated Universal Time),121
Tempeh,tempeh,635dadd677408d33e47a93fc,653ad7e5e882f528b34b59f5,635daf9f98d20b8bc74b72c5,false,false,Sat Oct 29 2022 22:56:31 GMT+0000 (Coordinated Universal Time),Sun May 24 2026 20:34:40 GMT+0000 (Coordinated Universal Time),Thu May 28 2026 23:05:17 GMT+0000 (Coordinated Universal Time),120
Tofu,tofu,635dadd677408d33e47a93fc,653ad7e5e882f528b34b59f5,635dafa0e19fbd0d240849f9,false,false,Sat Oct 29 2022 22:56:32 GMT+0000 (Coordinated Universal Time),Sun May 24 2026 20:34:40 GMT+0000 (Coordinated Universal Time),Thu May 28 2026 23:05:17 GMT+0000 (Coordinated Universal Time),110
Tomatoes,tomatoes,635dadd677408d33e47a93fc,653ad7e5e882f528b34b59f5,635dafa07b758d95adc9f833,false,false,Sat Oct 29 2022 22:56:32 GMT+0000 (Coordinated Universal Time),Sun May 24 2026 20:34:40 GMT+0000 (Coordinated Universal Time),Thu May 28 2026 23:05:17 GMT+0000 (Coordinated Universal Time),119
Tortellini,tortellini,635dadd677408d33e47a93fc,653ad7e5e882f528b34b59f5,671d6fad24aef298e82746eb,false,false,Sat Oct 26 2024 22:39:41 GMT+0000 (Coordinated Universal Time),Sat Oct 26 2024 22:39:41 GMT+0000 (Coordinated Universal Time),Sat Oct 26 2024 22:40:16 GMT+0000 (Coordinated Universal Time),
Tortilla,tortilla,635dadd677408d33e47a93fc,653ad7e5e882f528b34b59f5,635dafa03ea9355f2eff3a38,false,false,Sat Oct 29 2022 22:56:32 GMT+0000 (Coordinated Universal Time),Sun May 24 2026 20:34:40 GMT+0000 (Coordinated Universal Time),Thu May 28 2026 23:05:17 GMT+0000 (Coordinated Universal Time),128
Vegan butter,vegan-butter,635dadd677408d33e47a93fc,653ad7e5e882f528b34b59f5,63eb034610956c8689b8cad5,false,false,Tue Feb 14 2023 03:43:02 GMT+0000 (Coordinated Universal Time),Sun May 24 2026 20:34:40 GMT+0000 (Coordinated Universal Time),Thu May 28 2026 23:05:17 GMT+0000 (Coordinated Universal Time),132
Vegan honey,vegan-honey,635dadd677408d33e47a93fc,653ad7e5e882f528b34b59f5,68dd956d0df7f38592f6cfd7,false,false,Wed Oct 01 2025 20:56:13 GMT+0000 (Coordinated Universal Time),Wed Oct 01 2025 20:56:13 GMT+0000 (Coordinated Universal Time),Wed Oct 01 2025 20:56:13 GMT+0000 (Coordinated Universal Time),
Vegetable broth,vegetable-broth,635dadd677408d33e47a93fc,653ad7e5e882f528b34b59f5,6982abfe4ea0eef93b3c0941,false,false,Wed Feb 04 2026 02:16:30 GMT+0000 (Coordinated Universal Time),Sun May 24 2026 20:31:39 GMT+0000 (Coordinated Universal Time),Thu May 28 2026 23:05:17 GMT+0000 (Coordinated Universal Time),65
Walnuts,walnuts,635dadd677408d33e47a93fc,653ad7e5e882f528b34b59f5,63ebeddcb0f56589bcf80794,false,false,Tue Feb 14 2023 20:23:56 GMT+0000 (Coordinated Universal Time),Sun May 24 2026 20:34:40 GMT+0000 (Coordinated Universal Time),Thu May 28 2026 23:05:17 GMT+0000 (Coordinated Universal Time),135
Watermelon,watermelon,635dadd677408d33e47a93fc,653ad7e5e882f528b34b59f5,635dafa0bc9d9cac9be16fe3,false,false,Sat Oct 29 2022 22:56:32 GMT+0000 (Coordinated Universal Time),Sun May 24 2026 20:34:40 GMT+0000 (Coordinated Universal Time),Thu May 28 2026 23:05:17 GMT+0000 (Coordinated Universal Time),133
White beans,white-beans,635dadd677408d33e47a93fc,653ad7e5e882f528b34b59f5,67ae40460956838529021869,false,true,Thu Feb 13 2025 18:56:06 GMT+0000 (Coordinated Universal Time),Thu Feb 13 2025 18:56:06 GMT+0000 (Coordinated Universal Time),,
White seeds,white-seeds,635dadd677408d33e47a93fc,653ad7e5e882f528b34b59f5,67c20aa7f2da2a66d90ca348,false,false,Fri Feb 28 2025 19:12:39 GMT+0000 (Coordinated Universal Time),Fri Feb 28 2025 19:12:39 GMT+0000 (Coordinated Universal Time),Fri Feb 28 2025 19:12:39 GMT+0000 (Coordinated Universal Time),
White sesame seeds,white-sesame-seeds,635dadd677408d33e47a93fc,653ad7e5e882f528b34b59f5,68ddd05e6060fdf72ebfc410,false,false,Thu Oct 02 2025 01:07:42 GMT+0000 (Coordinated Universal Time),Thu Oct 02 2025 01:07:42 GMT+0000 (Coordinated Universal Time),Thu Oct 02 2025 01:07:42 GMT+0000 (Coordinated Universal Time),
Whole-wheat flour,whole-wheat-flour,635dadd677408d33e47a93fc,653ad7e5e882f528b34b59f5,63e2e807c0c06bbc54208c05,false,false,Wed Feb 08 2023 00:08:39 GMT+0000 (Coordinated Universal Time),Sun May 24 2026 20:35:00 GMT+0000 (Coordinated Universal Time),Thu May 28 2026 23:05:17 GMT+0000 (Coordinated Universal Time),129
Yogurt,yogurt,635dadd677408d33e47a93fc,653ad7e5e882f528b34b59f5,681039e8ad839febb1946e75,false,false,Tue Apr 29 2025 02:31:04 GMT+0000 (Coordinated Universal Time),Tue Apr 29 2025 02:31:04 GMT+0000 (Coordinated Universal Time),Tue Apr 29 2025 02:31:04 GMT+0000 (Coordinated Universal Time),
Zucchini,zucchini,635dadd677408d33e47a93fc,653ad7e5e882f528b34b59f5,635dafa0c917933b143cbb68,false,false,Sat Oct 29 2022 22:56:32 GMT+0000 (Coordinated Universal Time),Sun May 24 2026 20:34:40 GMT+0000 (Coordinated Universal Time),Thu May 28 2026 23:05:17 GMT+0000 (Coordinated Universal Time),134
Cantaloupe,cantaloupe,635dadd677408d33e47a93fc,653ad7e5e882f528b34b59f5,69d00acff93a8717f1f1d300,false,false,Fri Apr 03 2026 18:45:35 GMT+0000 (Coordinated Universal Time),Sun May 24 2026 20:30:50 GMT+0000 (Coordinated Universal Time),Thu May 28 2026 23:05:17 GMT+0000 (Coordinated Universal Time),37
Mayonnaise,mayonnaise,635dadd677408d33e47a93fc,653ad7e5e882f528b34b59f5,69d2c01edbb00649321a52e6,false,false,Sun Apr 05 2026 20:03:42 GMT+0000 (Coordinated Universal Time),Sun Apr 05 2026 20:03:42 GMT+0000 (Coordinated Universal Time),Sun Apr 05 2026 20:03:42 GMT+0000 (Coordinated Universal Time),
Popcorn,popcorn-2,635dadd677408d33e47a93fc,653ad7e5e882f528b34b59f5,69d43810ba7eaef746c45873,false,false,Mon Apr 06 2026 22:47:44 GMT+0000 (Coordinated Universal Time),Mon Apr 06 2026 22:47:44 GMT+0000 (Coordinated Universal Time),Mon Apr 06 2026 22:47:44 GMT+0000 (Coordinated Universal Time),
Cream cheese,cream-cheese,635dadd677408d33e47a93fc,653ad7e5e882f528b34b59f5,69d4650259922e24bd2a0b52,false,false,Tue Apr 07 2026 01:59:30 GMT+0000 (Coordinated Universal Time),Sun May 24 2026 20:31:17 GMT+0000 (Coordinated Universal Time),Thu May 28 2026 23:05:17 GMT+0000 (Coordinated Universal Time),50
Sun-dried tomatoes,sun-dried-tomatoes,635dadd677408d33e47a93fc,653ad7e5e882f528b34b59f5,69d4652237a3bc4457777bb6,false,false,Tue Apr 07 2026 02:00:02 GMT+0000 (Coordinated Universal Time),Sun May 24 2026 20:32:08 GMT+0000 (Coordinated Universal Time),Thu May 28 2026 23:05:17 GMT+0000 (Coordinated Universal Time),88
Artichoke,artichoke,635dadd677408d33e47a93fc,653ad7e5e882f528b34b59f5,69e46204fa453b2aae8380d7,false,false,Sun Apr 19 2026 05:03:00 GMT+0000 (Coordinated Universal Time),Sun May 24 2026 20:30:28 GMT+0000 (Coordinated Universal Time),Thu May 28 2026 23:05:17 GMT+0000 (Coordinated Universal Time),9
Basmati rice,basmati-rice,635dadd677408d33e47a93fc,653ad7e5e882f528b34b59f5,69e46204fa453b2aae8380d9,false,false,Sun Apr 19 2026 05:03:00 GMT+0000 (Coordinated Universal Time),Sun May 24 2026 20:30:28 GMT+0000 (Coordinated Universal Time),Thu May 28 2026 23:05:17 GMT+0000 (Coordinated Universal Time),14
Cumin,cumin,635dadd677408d33e47a93fc,653ad7e5e882f528b34b59f5,69e46204fa453b2aae8380db,false,false,Sun Apr 19 2026 05:03:00 GMT+0000 (Coordinated Universal Time),Sun Apr 19 2026 05:06:15 GMT+0000 (Coordinated Universal Time),Tue Apr 21 2026 00:38:33 GMT+0000 (Coordinated Universal Time),
Garlic powder,garlic-powder,635dadd677408d33e47a93fc,653ad7e5e882f528b34b59f5,69e46204fa453b2aae8380dd,false,false,Sun Apr 19 2026 05:03:00 GMT+0000 (Coordinated Universal Time),Sun May 24 2026 20:31:17 GMT+0000 (Coordinated Universal Time),Thu May 28 2026 23:05:17 GMT+0000 (Coordinated Universal Time),54
Lentils,lentils-4f883,635dadd677408d33e47a93fc,653ad7e5e882f528b34b59f5,69e46204fa453b2aae8380df,false,false,Sun Apr 19 2026 05:03:00 GMT+0000 (Coordinated Universal Time),Sun May 24 2026 20:31:39 GMT+0000 (Coordinated Universal Time),Thu May 28 2026 23:05:17 GMT+0000 (Coordinated Universal Time),72
Ramen noodles,ramen-noodles,635dadd677408d33e47a93fc,653ad7e5e882f528b34b59f5,69e46204fa453b2aae8380e1,false,false,Sun Apr 19 2026 05:03:00 GMT+0000 (Coordinated Universal Time),Sun Apr 19 2026 05:06:15 GMT+0000 (Coordinated Universal Time),Tue Apr 21 2026 00:38:33 GMT+0000 (Coordinated Universal Time),
Smoked paprika,smoked-paprika,635dadd677408d33e47a93fc,653ad7e5e882f528b34b59f5,69e46204fa453b2aae8380e3,false,false,Sun Apr 19 2026 05:03:00 GMT+0000 (Coordinated Universal Time),Sun May 24 2026 20:34:40 GMT+0000 (Coordinated Universal Time),Thu May 28 2026 23:05:17 GMT+0000 (Coordinated Universal Time),126
Chocolate chips,chocolate-chips-630ea,635dadd677408d33e47a93fc,653ad7e5e882f528b34b59f5,6a433c0d5086c65b72d73d6b,false,false,Tue Jun 30 2026 03:46:21 GMT+0000 (Coordinated Universal Time),Tue Jun 30 2026 03:52:08 GMT+0000 (Coordinated Universal Time),Tue Jun 30 2026 18:44:06 GMT+0000 (Coordinated Universal Time),
Oat flour,oat-flour,635dadd677408d33e47a93fc,653ad7e5e882f528b34b59f5,6a433c0d5086c65b72d73d6d,false,false,Tue Jun 30 2026 03:46:21 GMT+0000 (Coordinated Universal Time),Tue Jun 30 2026 03:52:08 GMT+0000 (Coordinated Universal Time),Tue Jun 30 2026 18:44:06 GMT+0000 (Coordinated Universal Time),
Feta,feta,635dadd677408d33e47a93fc,653ad7e5e882f528b34b59f5,6a4709c6ecb7c1e09aaf1c6f,false,false,Fri Jul 03 2026 01:00:54 GMT+0000 (Coordinated Universal Time),Fri Jul 03 2026 01:00:54 GMT+0000 (Coordinated Universal Time),Fri Jul 03 2026 01:00:54 GMT+0000 (Coordinated Universal Time),
Watermelon rind,watermelon-rind,635dadd677408d33e47a93fc,653ad7e5e882f528b34b59f5,6a696570de270dd795efa3e0,false,false,Wed Jul 29 2026 02:29:04 GMT+0000 (Coordinated Universal Time),Wed Jul 29 2026 02:29:04 GMT+0000 (Coordinated Universal Time),Thu Aug 06 2026 02:00:25 GMT+0000 (Coordinated Universal Time),
White vinegar,white-vinegar,635dadd677408d33e47a93fc,653ad7e5e882f528b34b59f5,6a696576df5fd2193d560550,false,false,Wed Jul 29 2026 02:29:10 GMT+0000 (Coordinated Universal Time),Wed Jul 29 2026 02:29:10 GMT+0000 (Coordinated Universal Time),Thu Aug 06 2026 02:00:25 GMT+0000 (Coordinated Universal Time),
Sugar,sugar,635dadd677408d33e47a93fc,653ad7e5e882f528b34b59f5,6a696576df5fd2193d560552,false,false,Wed Jul 29 2026 02:29:10 GMT+0000 (Coordinated Universal Time),Mon Aug 03 2026 04:36:36 GMT+0000 (Coordinated Universal Time),Thu Aug 06 2026 02:00:25 GMT+0000 (Coordinated Universal Time),
Cinnamon,cinnamon,635dadd677408d33e47a93fc,653ad7e5e882f528b34b59f5,6a696588fc211348858ba473,false,false,Wed Jul 29 2026 02:29:28 GMT+0000 (Coordinated Universal Time),Wed Jul 29 2026 02:29:28 GMT+0000 (Coordinated Universal Time),Thu Aug 06 2026 02:00:25 GMT+0000 (Coordinated Universal Time),
Allspice,allspice,635dadd677408d33e47a93fc,653ad7e5e882f528b34b59f5,6a696588fc211348858ba475,false,false,Wed Jul 29 2026 02:29:28 GMT+0000 (Coordinated Universal Time),Wed Jul 29 2026 02:29:28 GMT+0000 (Coordinated Universal Time),Thu Aug 06 2026 02:00:25 GMT+0000 (Coordinated Universal Time),
Black pepper,black-pepper,635dadd677408d33e47a93fc,653ad7e5e882f528b34b59f5,6a696588fc211348858ba477,false,false,Wed Jul 29 2026 02:29:28 GMT+0000 (Coordinated Universal Time),Fri Jul 31 2026 02:51:19 GMT+0000 (Coordinated Universal Time),Thu Aug 06 2026 02:00:25 GMT+0000 (Coordinated Universal Time),
Chili powder,chili-powder,635dadd677408d33e47a93fc,653ad7e5e882f528b34b59f5,6a696588fc211348858ba479,false,false,Wed Jul 29 2026 02:29:28 GMT+0000 (Coordinated Universal Time),Wed Jul 29 2026 02:29:28 GMT+0000 (Coordinated Universal Time),Thu Aug 06 2026 02:00:25 GMT+0000 (Coordinated Universal Time),
Enchilada sauce,enchilada-sauce,635dadd677408d33e47a93fc,653ad7e5e882f528b34b59f5,6a696589286f7d07eadda0a3,false,false,Wed Jul 29 2026 02:29:29 GMT+0000 (Coordinated Universal Time),Wed Jul 29 2026 02:29:29 GMT+0000 (Coordinated Universal Time),Thu Aug 06 2026 02:00:25 GMT+0000 (Coordinated Universal Time),
Vegan cheese,vegan-cheese,635dadd677408d33e47a93fc,653ad7e5e882f528b34b59f5,6a696589286f7d07eadda0a5,false,false,Wed Jul 29 2026 02:29:29 GMT+0000 (Coordinated Universal Time),Wed Jul 29 2026 02:29:29 GMT+0000 (Coordinated Universal Time),Thu Aug 06 2026 02:00:25 GMT+0000 (Coordinated Universal Time),
Vegan sour cream,vegan-sour-cream,635dadd677408d33e47a93fc,653ad7e5e882f528b34b59f5,6a696589286f7d07eadda0a7,false,false,Wed Jul 29 2026 02:29:29 GMT+0000 (Coordinated Universal Time),Wed Jul 29 2026 02:29:29 GMT+0000 (Coordinated Universal Time),Thu Aug 06 2026 02:00:25 GMT+0000 (Coordinated Universal Time),
Dried fruit,dried-fruit,635dadd677408d33e47a93fc,653ad7e5e882f528b34b59f5,6a696589286f7d07eadda0a9,false,false,Wed Jul 29 2026 02:29:29 GMT+0000 (Coordinated Universal Time),Wed Jul 29 2026 02:29:29 GMT+0000 (Coordinated Universal Time),Thu Aug 06 2026 02:00:25 GMT+0000 (Coordinated Universal Time),
Vanilla extract,vanilla-extract,635dadd677408d33e47a93fc,653ad7e5e882f528b34b59f5,6a6965906bff792cad3cf117,false,false,Wed Jul 29 2026 02:29:36 GMT+0000 (Coordinated Universal Time),Wed Jul 29 2026 02:29:36 GMT+0000 (Coordinated Universal Time),Thu Aug 06 2026 02:00:25 GMT+0000 (Coordinated Universal Time),
Apple cider vinegar,apple-cider-vinegar,635dadd677408d33e47a93fc,653ad7e5e882f528b34b59f5,6a6965906bff792cad3cf119,false,false,Wed Jul 29 2026 02:29:36 GMT+0000 (Coordinated Universal Time),Wed Jul 29 2026 02:29:36 GMT+0000 (Coordinated Universal Time),Thu Aug 06 2026 02:00:25 GMT+0000 (Coordinated Universal Time),
Sage,sage,635dadd677408d33e47a93fc,653ad7e5e882f528b34b59f5,6a6965906bff792cad3cf11b,false,false,Wed Jul 29 2026 02:29:36 GMT+0000 (Coordinated Universal Time),Wed Jul 29 2026 02:29:36 GMT+0000 (Coordinated Universal Time),Thu Aug 06 2026 02:00:25 GMT+0000 (Coordinated Universal Time),
Thyme,thyme,635dadd677408d33e47a93fc,653ad7e5e882f528b34b59f5,6a6965906bff792cad3cf11d,false,false,Wed Jul 29 2026 02:29:36 GMT+0000 (Coordinated Universal Time),Wed Jul 29 2026 02:29:36 GMT+0000 (Coordinated Universal Time),Thu Aug 06 2026 02:00:25 GMT+0000 (Coordinated Universal Time),
Rosemary,rosemary,635dadd677408d33e47a93fc,653ad7e5e882f528b34b59f5,6a6965906bff792cad3cf16f,false,false,Wed Jul 29 2026 02:29:36 GMT+0000 (Coordinated Universal Time),Wed Jul 29 2026 02:29:36 GMT+0000 (Coordinated Universal Time),Thu Aug 06 2026 02:00:25 GMT+0000 (Coordinated Universal Time),
Pecans,pecans,635dadd677408d33e47a93fc,653ad7e5e882f528b34b59f5,6a6965906bff792cad3cf171,false,false,Wed Jul 29 2026 02:29:36 GMT+0000 (Coordinated Universal Time),Wed Jul 29 2026 02:29:36 GMT+0000 (Coordinated Universal Time),Thu Aug 06 2026 02:00:25 GMT+0000 (Coordinated Universal Time),
Coconut cream,coconut-cream,635dadd677408d33e47a93fc,653ad7e5e882f528b34b59f5,6a6965906bff792cad3cf173,false,false,Wed Jul 29 2026 02:29:36 GMT+0000 (Coordinated Universal Time),Wed Jul 29 2026 02:29:36 GMT+0000 (Coordinated Universal Time),Thu Aug 06 2026 02:00:25 GMT+0000 (Coordinated Universal Time),
Vegan parmesan,vegan-parmesan,635dadd677408d33e47a93fc,653ad7e5e882f528b34b59f5,6a6965906bff792cad3cf175,false,false,Wed Jul 29 2026 02:29:36 GMT+0000 (Coordinated Universal Time),Wed Jul 29 2026 02:29:36 GMT+0000 (Coordinated Universal Time),Thu Aug 06 2026 02:00:25 GMT+0000 (Coordinated Universal Time),
Nutmeg,nutmeg,635dadd677408d33e47a93fc,653ad7e5e882f528b34b59f5,6a6965961ea625610c832fe6,false,false,Wed Jul 29 2026 02:29:42 GMT+0000 (Coordinated Universal Time),Wed Jul 29 2026 02:29:42 GMT+0000 (Coordinated Universal Time),Thu Aug 06 2026 02:00:25 GMT+0000 (Coordinated Universal Time),
Matzo meal,matzo-meal,635dadd677408d33e47a93fc,653ad7e5e882f528b34b59f5,6a6965961ea625610c832fe8,false,false,Wed Jul 29 2026 02:29:42 GMT+0000 (Coordinated Universal Time),Wed Jul 29 2026 02:29:42 GMT+0000 (Coordinated Universal Time),Thu Aug 06 2026 02:00:25 GMT+0000 (Coordinated Universal Time),
Neutral oil,neutral-oil,635dadd677408d33e47a93fc,653ad7e5e882f528b34b59f5,6a6965961ea625610c832fea,false,false,Wed Jul 29 2026 02:29:42 GMT+0000 (Coordinated Universal Time),Wed Jul 29 2026 02:29:42 GMT+0000 (Coordinated Universal Time),Thu Aug 06 2026 02:00:25 GMT+0000 (Coordinated Universal Time),
Yellow squash,yellow-squash,635dadd677408d33e47a93fc,653ad7e5e882f528b34b59f5,6a6965961ea625610c832fec,false,false,Wed Jul 29 2026 02:29:42 GMT+0000 (Coordinated Universal Time),Wed Jul 29 2026 02:29:42 GMT+0000 (Coordinated Universal Time),Thu Aug 06 2026 02:00:25 GMT+0000 (Coordinated Universal Time),
Bay leaf,bay-leaf,635dadd677408d33e47a93fc,653ad7e5e882f528b34b59f5,6a696597c3f4f77d9fbb5f9d,false,false,Wed Jul 29 2026 02:29:43 GMT+0000 (Coordinated Universal Time),Wed Jul 29 2026 02:29:43 GMT+0000 (Coordinated Universal Time),Thu Aug 06 2026 02:00:25 GMT+0000 (Coordinated Universal Time),
Tomato paste,tomato-paste,635dadd677408d33e47a93fc,653ad7e5e882f528b34b59f5,6a696597c3f4f77d9fbb5f9f,false,false,Wed Jul 29 2026 02:29:43 GMT+0000 (Coordinated Universal Time),Wed Jul 29 2026 02:29:43 GMT+0000 (Coordinated Universal Time),Thu Aug 06 2026 02:00:25 GMT+0000 (Coordinated Universal Time),
Red wine,red-wine,635dadd677408d33e47a93fc,653ad7e5e882f528b34b59f5,6a696597c3f4f77d9fbb5fa1,false,false,Wed Jul 29 2026 02:29:43 GMT+0000 (Coordinated Universal Time),Wed Jul 29 2026 02:29:43 GMT+0000 (Coordinated Universal Time),Thu Aug 06 2026 02:00:25 GMT+0000 (Coordinated Universal Time),
Graham crackers,graham-crackers,635dadd677408d33e47a93fc,653ad7e5e882f528b34b59f5,6a696597c3f4f77d9fbb5fa3,false,false,Wed Jul 29 2026 02:29:43 GMT+0000 (Coordinated Universal Time),Wed Jul 29 2026 02:29:43 GMT+0000 (Coordinated Universal Time),Thu Aug 06 2026 02:00:25 GMT+0000 (Coordinated Universal Time),
Coconut oil,coconut-oil,635dadd677408d33e47a93fc,653ad7e5e882f528b34b59f5,6a69659d5e40d1c37cdb0a1e,false,false,Wed Jul 29 2026 02:29:49 GMT+0000 (Coordinated Universal Time),Wed Jul 29 2026 02:29:49 GMT+0000 (Coordinated Universal Time),Thu Aug 06 2026 02:00:25 GMT+0000 (Coordinated Universal Time),
Coconut milk,coconut-milk,635dadd677408d33e47a93fc,653ad7e5e882f528b34b59f5,6a69659d5e40d1c37cdb0a20,false,false,Wed Jul 29 2026 02:29:49 GMT+0000 (Coordinated Universal Time),Wed Jul 29 2026 02:29:49 GMT+0000 (Coordinated Universal Time),Thu Aug 06 2026 02:00:25 GMT+0000 (Coordinated Universal Time),
Mixed berries,mixed-berries,635dadd677408d33e47a93fc,653ad7e5e882f528b34b59f5,6a69659d5e40d1c37cdb0a22,false,false,Wed Jul 29 2026 02:29:49 GMT+0000 (Coordinated Universal Time),Wed Jul 29 2026 02:29:49 GMT+0000 (Coordinated Universal Time),Thu Aug 06 2026 02:00:25 GMT+0000 (Coordinated Universal Time),
Brown sugar,brown-sugar,635dadd677408d33e47a93fc,653ad7e5e882f528b34b59f5,6a69659d5e40d1c37cdb0a24,false,false,Wed Jul 29 2026 02:29:49 GMT+0000 (Coordinated Universal Time),Wed Jul 29 2026 02:29:49 GMT+0000 (Coordinated Universal Time),Thu Aug 06 2026 02:00:25 GMT+0000 (Coordinated Universal Time),
Baking soda,baking-soda,635dadd677408d33e47a93fc,653ad7e5e882f528b34b59f5,6a69659dc3f4f77d9fbb6551,false,false,Wed Jul 29 2026 02:29:49 GMT+0000 (Coordinated Universal Time),Wed Jul 29 2026 02:29:49 GMT+0000 (Coordinated Universal Time),Thu Aug 06 2026 02:00:25 GMT+0000 (Coordinated Universal Time),
Jelly,jelly,635dadd677408d33e47a93fc,653ad7e5e882f528b34b59f5,6a69659dc3f4f77d9fbb6553,false,false,Wed Jul 29 2026 02:29:49 GMT+0000 (Coordinated Universal Time),Wed Jul 29 2026 02:29:49 GMT+0000 (Coordinated Universal Time),Thu Aug 06 2026 02:00:25 GMT+0000 (Coordinated Universal Time),
Powdered sugar,powdered-sugar,635dadd677408d33e47a93fc,653ad7e5e882f528b34b59f5,6a69659dc3f4f77d9fbb6555,false,false,Wed Jul 29 2026 02:29:49 GMT+0000 (Coordinated Universal Time),Wed Jul 29 2026 02:29:49 GMT+0000 (Coordinated Universal Time),Thu Aug 06 2026 02:00:25 GMT+0000 (Coordinated Universal Time),
Active Dry Yeast,active-dry-yeast,635dadd677408d33e47a93fc,653ad7e5e882f528b34b59f5,6a6a6326926d6ce27ebe208e,false,false,Wed Jul 29 2026 20:31:34 GMT+0000 (Coordinated Universal Time),Wed Jul 29 2026 20:31:34 GMT+0000 (Coordinated Universal Time),Thu Aug 06 2026 02:00:25 GMT+0000 (Coordinated Universal Time),
Active Starter,active-starter,635dadd677408d33e47a93fc,653ad7e5e882f528b34b59f5,6a6a6326926d6ce27ebe2090,false,false,Wed Jul 29 2026 20:31:34 GMT+0000 (Coordinated Universal Time),Wed Jul 29 2026 20:31:34 GMT+0000 (Coordinated Universal Time),Thu Aug 06 2026 02:00:25 GMT+0000 (Coordinated Universal Time),
Adobo Sauce,adobo-sauce,635dadd677408d33e47a93fc,653ad7e5e882f528b34b59f5,6a6a6326926d6ce27ebe2092,false,false,Wed Jul 29 2026 20:31:34 GMT+0000 (Coordinated Universal Time),Wed Jul 29 2026 20:31:34 GMT+0000 (Coordinated Universal Time),Thu Aug 06 2026 02:00:25 GMT+0000 (Coordinated Universal Time),
Agar Agar Powder,agar-agar-powder,635dadd677408d33e47a93fc,653ad7e5e882f528b34b59f5,6a6a6326926d6ce27ebe2094,false,false,Wed Jul 29 2026 20:31:34 GMT+0000 (Coordinated Universal Time),Wed Jul 29 2026 20:31:34 GMT+0000 (Coordinated Universal Time),Thu Aug 06 2026 02:00:25 GMT+0000 (Coordinated Universal Time),
Agave,agave,635dadd677408d33e47a93fc,653ad7e5e882f528b34b59f5,6a6a6327ac0ab691a401bebd,false,false,Wed Jul 29 2026 20:31:35 GMT+0000 (Coordinated Universal Time),Wed Jul 29 2026 20:31:35 GMT+0000 (Coordinated Universal Time),Thu Aug 06 2026 02:00:25 GMT+0000 (Coordinated Universal Time),
Ajwain,ajwain,635dadd677408d33e47a93fc,653ad7e5e882f528b34b59f5,6a6a6327ac0ab691a401bebf,false,false,Wed Jul 29 2026 20:31:35 GMT+0000 (Coordinated Universal Time),Wed Jul 29 2026 20:31:35 GMT+0000 (Coordinated Universal Time),Thu Aug 06 2026 02:00:25 GMT+0000 (Coordinated Universal Time),
Applesauce,applesauce,635dadd677408d33e47a93fc,653ad7e5e882f528b34b59f5,6a6a6327ac0ab691a401bec1,false,false,Wed Jul 29 2026 20:31:35 GMT+0000 (Coordinated Universal Time),Wed Jul 29 2026 20:31:35 GMT+0000 (Coordinated Universal Time),Thu Aug 06 2026 02:00:25 GMT+0000 (Coordinated Universal Time),
Apricots,apricots,635dadd677408d33e47a93fc,653ad7e5e882f528b34b59f5,6a6a6327ac0ab691a401bec3,false,false,Wed Jul 29 2026 20:31:35 GMT+0000 (Coordinated Universal Time),Wed Jul 29 2026 20:31:35 GMT+0000 (Coordinated Universal Time),Thu Aug 06 2026 02:00:25 GMT+0000 (Coordinated Universal Time),
Aquafaba,aquafaba,635dadd677408d33e47a93fc,653ad7e5e882f528b34b59f5,6a6a632f233573251a5da278,false,false,Wed Jul 29 2026 20:31:43 GMT+0000 (Coordinated Universal Time),Wed Jul 29 2026 20:31:43 GMT+0000 (Coordinated Universal Time),Thu Aug 06 2026 02:00:25 GMT+0000 (Coordinated Universal Time),
Arborio,arborio,635dadd677408d33e47a93fc,653ad7e5e882f528b34b59f5,6a6a632f233573251a5da27a,false,false,Wed Jul 29 2026 20:31:43 GMT+0000 (Coordinated Universal Time),Wed Jul 29 2026 20:31:43 GMT+0000 (Coordinated Universal Time),Thu Aug 06 2026 02:00:25 GMT+0000 (Coordinated Universal Time),
Arrowroot,arrowroot,635dadd677408d33e47a93fc,653ad7e5e882f528b34b59f5,6a6a632f233573251a5da27c,false,false,Wed Jul 29 2026 20:31:43 GMT+0000 (Coordinated Universal Time),Wed Jul 29 2026 20:31:43 GMT+0000 (Coordinated Universal Time),Thu Aug 06 2026 02:00:25 GMT+0000 (Coordinated Universal Time),
Baby Bok Choy,baby-bok-choy,635dadd677408d33e47a93fc,653ad7e5e882f528b34b59f5,6a6a632f233573251a5da27e,false,false,Wed Jul 29 2026 20:31:43 GMT+0000 (Coordinated Universal Time),Wed Jul 29 2026 20:31:43 GMT+0000 (Coordinated Universal Time),Thu Aug 06 2026 02:00:25 GMT+0000 (Coordinated Universal Time),
Baguette,baguette,635dadd677408d33e47a93fc,653ad7e5e882f528b34b59f5,6a6a632f72023b2479a88d23,false,false,Wed Jul 29 2026 20:31:43 GMT+0000 (Coordinated Universal Time),Wed Jul 29 2026 20:31:43 GMT+0000 (Coordinated Universal Time),Thu Aug 06 2026 02:00:25 GMT+0000 (Coordinated Universal Time),
Baking Powder,baking-powder,635dadd677408d33e47a93fc,653ad7e5e882f528b34b59f5,6a6a632f72023b2479a88d25,false,false,Wed Jul 29 2026 20:31:43 GMT+0000 (Coordinated Universal Time),Wed Jul 29 2026 20:31:43 GMT+0000 (Coordinated Universal Time),Thu Aug 06 2026 02:00:25 GMT+0000 (Coordinated Universal Time),
Balsamic Glaze,balsamic-glaze,635dadd677408d33e47a93fc,653ad7e5e882f528b34b59f5,6a6a632f72023b2479a88d27,false,false,Wed Jul 29 2026 20:31:43 GMT+0000 (Coordinated Universal Time),Wed Jul 29 2026 20:31:43 GMT+0000 (Coordinated Universal Time),Thu Aug 06 2026 02:00:25 GMT+0000 (Coordinated Universal Time),
Balsamic Vinegar,balsamic-vinegar,635dadd677408d33e47a93fc,653ad7e5e882f528b34b59f5,6a6a632f72023b2479a88d29,false,false,Wed Jul 29 2026 20:31:43 GMT+0000 (Coordinated Universal Time),Wed Jul 29 2026 20:31:43 GMT+0000 (Coordinated Universal Time),Thu Aug 06 2026 02:00:25 GMT+0000 (Coordinated Universal Time),
Barbecue Sauce,barbecue-sauce,635dadd677408d33e47a93fc,653ad7e5e882f528b34b59f5,6a6a633f4024efdb3d1c209c,false,false,Wed Jul 29 2026 20:31:59 GMT+0000 (Coordinated Universal Time),Wed Jul 29 2026 20:31:59 GMT+0000 (Coordinated Universal Time),Thu Aug 06 2026 02:00:25 GMT+0000 (Coordinated Universal Time),
Bay Leaves,bay-leaves,635dadd677408d33e47a93fc,653ad7e5e882f528b34b59f5,6a6a633f4024efdb3d1c209e,false,false,Wed Jul 29 2026 20:31:59 GMT+0000 (Coordinated Universal Time),Wed Jul 29 2026 20:31:59 GMT+0000 (Coordinated Universal Time),Thu Aug 06 2026 02:00:25 GMT+0000 (Coordinated Universal Time),
Berbere Spice Blend,berbere-spice-blend,635dadd677408d33e47a93fc,653ad7e5e882f528b34b59f5,6a6a633f4024efdb3d1c20a0,false,false,Wed Jul 29 2026 20:31:59 GMT+0000 (Coordinated Universal Time),Wed Jul 29 2026 20:31:59 GMT+0000 (Coordinated Universal Time),Thu Aug 06 2026 02:00:25 GMT+0000 (Coordinated Universal Time),
Better Than Bouillon,better-than-bouillon,635dadd677408d33e47a93fc,653ad7e5e882f528b34b59f5,6a6a633f4024efdb3d1c20a2,false,false,Wed Jul 29 2026 20:31:59 GMT+0000 (Coordinated Universal Time),Wed Jul 29 2026 20:31:59 GMT+0000 (Coordinated Universal Time),Thu Aug 06 2026 02:00:25 GMT+0000 (Coordinated Universal Time),
Black Olives,black-olives,635dadd677408d33e47a93fc,653ad7e5e882f528b34b59f5,6a6a633f4024efdb3d1c20a4,false,false,Wed Jul 29 2026 20:31:59 GMT+0000 (Coordinated Universal Time),Wed Jul 29 2026 20:31:59 GMT+0000 (Coordinated Universal Time),Thu Aug 06 2026 02:00:25 GMT+0000 (Coordinated Universal Time),
Black Peppercorns,black-peppercorns,635dadd677408d33e47a93fc,653ad7e5e882f528b34b59f5,6a6a633f4024efdb3d1c20a6,false,false,Wed Jul 29 2026 20:31:59 GMT+0000 (Coordinated Universal Time),Wed Jul 29 2026 20:31:59 GMT+0000 (Coordinated Universal Time),Thu Aug 06 2026 02:00:25 GMT+0000 (Coordinated Universal Time),
Black Vinegar,black-vinegar,635dadd677408d33e47a93fc,653ad7e5e882f528b34b59f5,6a6a633f4024efdb3d1c20a8,false,false,Wed Jul 29 2026 20:31:59 GMT+0000 (Coordinated Universal Time),Wed Jul 29 2026 20:31:59 GMT+0000 (Coordinated Universal Time),Thu Aug 06 2026 02:00:25 GMT+0000 (Coordinated Universal Time),
Blackberries,blackberries,635dadd677408d33e47a93fc,653ad7e5e882f528b34b59f5,6a6a633f4024efdb3d1c20aa,false,false,Wed Jul 29 2026 20:31:59 GMT+0000 (Coordinated Universal Time),Wed Jul 29 2026 20:31:59 GMT+0000 (Coordinated Universal Time),Thu Aug 06 2026 02:00:25 GMT+0000 (Coordinated Universal Time),
Bomba,bomba,635dadd677408d33e47a93fc,653ad7e5e882f528b34b59f5,6a6a633f4024efdb3d1c20ac,false,false,Wed Jul 29 2026 20:31:59 GMT+0000 (Coordinated Universal Time),Wed Jul 29 2026 20:31:59 GMT+0000 (Coordinated Universal Time),Thu Aug 06 2026 02:00:25 GMT+0000 (Coordinated Universal Time),
Bouillon Cube,bouillon-cube,635dadd677408d33e47a93fc,653ad7e5e882f528b34b59f5,6a6a633f4024efdb3d1c20ae,false,false,Wed Jul 29 2026 20:31:59 GMT+0000 (Coordinated Universal Time),Wed Jul 29 2026 20:31:59 GMT+0000 (Coordinated Universal Time),Thu Aug 06 2026 02:00:25 GMT+0000 (Coordinated Universal Time),
Bourbon,bourbon,635dadd677408d33e47a93fc,653ad7e5e882f528b34b59f5,6a6a636872023b2479a8aa26,false,false,Wed Jul 29 2026 20:32:40 GMT+0000 (Coordinated Universal Time),Wed Jul 29 2026 20:32:40 GMT+0000 (Coordinated Universal Time),Thu Aug 06 2026 02:00:25 GMT+0000 (Coordinated Universal Time),
Breadcrumbs,breadcrumbs,635dadd677408d33e47a93fc,653ad7e5e882f528b34b59f5,6a6a636872023b2479a8aa28,false,false,Wed Jul 29 2026 20:32:40 GMT+0000 (Coordinated Universal Time),Wed Jul 29 2026 20:32:40 GMT+0000 (Coordinated Universal Time),Thu Aug 06 2026 02:00:25 GMT+0000 (Coordinated Universal Time),
Broccolini,broccolini,635dadd677408d33e47a93fc,653ad7e5e882f528b34b59f5,6a6a636872023b2479a8aa2a,false,false,Wed Jul 29 2026 20:32:40 GMT+0000 (Coordinated Universal Time),Wed Jul 29 2026 20:32:40 GMT+0000 (Coordinated Universal Time),Thu Aug 06 2026 02:00:25 GMT+0000 (Coordinated Universal Time),
Broth,broth,635dadd677408d33e47a93fc,653ad7e5e882f528b34b59f5,6a6a636872023b2479a8aa2c,false,false,Wed Jul 29 2026 20:32:40 GMT+0000 (Coordinated Universal Time),Wed Jul 29 2026 20:32:40 GMT+0000 (Coordinated Universal Time),Thu Aug 06 2026 02:00:25 GMT+0000 (Coordinated Universal Time),
Buffalo Sauce,buffalo-sauce,635dadd677408d33e47a93fc,653ad7e5e882f528b34b59f5,6a6a636872023b2479a8aa2e,false,false,Wed Jul 29 2026 20:32:40 GMT+0000 (Coordinated Universal Time),Wed Jul 29 2026 20:32:40 GMT+0000 (Coordinated Universal Time),Thu Aug 06 2026 02:00:25 GMT+0000 (Coordinated Universal Time),
Burger Buns,burger-buns,635dadd677408d33e47a93fc,653ad7e5e882f528b34b59f5,6a6a636872023b2479a8aa30,false,false,Wed Jul 29 2026 20:32:40 GMT+0000 (Coordinated Universal Time),Wed Jul 29 2026 20:32:40 GMT+0000 (Coordinated Universal Time),Thu Aug 06 2026 02:00:25 GMT+0000 (Coordinated Universal Time),
Butter,butter,635dadd677408d33e47a93fc,653ad7e5e882f528b34b59f5,6a6a636872023b2479a8aa32,false,false,Wed Jul 29 2026 20:32:40 GMT+0000 (Coordinated Universal Time),Wed Jul 29 2026 20:32:40 GMT+0000 (Coordinated Universal Time),Thu Aug 06 2026 02:00:25 GMT+0000 (Coordinated Universal Time),
Cannellini,cannellini,635dadd677408d33e47a93fc,653ad7e5e882f528b34b59f5,6a6a636872023b2479a8aa34,false,false,Wed Jul 29 2026 20:32:40 GMT+0000 (Coordinated Universal Time),Wed Jul 29 2026 20:32:40 GMT+0000 (Coordinated Universal Time),Thu Aug 06 2026 02:00:25 GMT+0000 (Coordinated Universal Time),
Canola Oil,canola-oil,635dadd677408d33e47a93fc,653ad7e5e882f528b34b59f5,6a6a636872023b2479a8aa36,false,false,Wed Jul 29 2026 20:32:40 GMT+0000 (Coordinated Universal Time),Wed Jul 29 2026 20:32:40 GMT+0000 (Coordinated Universal Time),Thu Aug 06 2026 02:00:25 GMT+0000 (Coordinated Universal Time),
Capers,capers,635dadd677408d33e47a93fc,653ad7e5e882f528b34b59f5,6a6a636872023b2479a8aa38,false,false,Wed Jul 29 2026 20:32:40 GMT+0000 (Coordinated Universal Time),Wed Jul 29 2026 20:32:40 GMT+0000 (Coordinated Universal Time),Thu Aug 06 2026 02:00:25 GMT+0000 (Coordinated Universal Time),
Caraway Seeds,caraway-seeds,635dadd677408d33e47a93fc,653ad7e5e882f528b34b59f5,6a6a637c1e103364d5dd098e,false,false,Wed Jul 29 2026 20:33:00 GMT+0000 (Coordinated Universal Time),Wed Jul 29 2026 20:33:00 GMT+0000 (Coordinated Universal Time),Thu Aug 06 2026 02:00:25 GMT+0000 (Coordinated Universal Time),
Cardamom,cardamom,635dadd677408d33e47a93fc,653ad7e5e882f528b34b59f5,6a6a637c1e103364d5dd0990,false,false,Wed Jul 29 2026 20:33:00 GMT+0000 (Coordinated Universal Time),Wed Jul 29 2026 20:33:00 GMT+0000 (Coordinated Universal Time),Thu Aug 06 2026 02:00:25 GMT+0000 (Coordinated Universal Time),
Cayenne,cayenne,635dadd677408d33e47a93fc,653ad7e5e882f528b34b59f5,6a6a637c1e103364d5dd0992,false,false,Wed Jul 29 2026 20:33:00 GMT+0000 (Coordinated Universal Time),Wed Jul 29 2026 20:33:00 GMT+0000 (Coordinated Universal Time),Thu Aug 06 2026 02:00:25 GMT+0000 (Coordinated Universal Time),
Cayenne Pepper,cayenne-pepper,635dadd677408d33e47a93fc,653ad7e5e882f528b34b59f5,6a6a637c1e103364d5dd0994,false,false,Wed Jul 29 2026 20:33:00 GMT+0000 (Coordinated Universal Time),Wed Jul 29 2026 20:33:00 GMT+0000 (Coordinated Universal Time),Thu Aug 06 2026 02:00:25 GMT+0000 (Coordinated Universal Time),
Chamomile Tea,chamomile-tea,635dadd677408d33e47a93fc,653ad7e5e882f528b34b59f5,6a6a637c1e103364d5dd0996,false,false,Wed Jul 29 2026 20:33:00 GMT+0000 (Coordinated Universal Time),Wed Jul 29 2026 20:33:00 GMT+0000 (Coordinated Universal Time),Thu Aug 06 2026 02:00:25 GMT+0000 (Coordinated Universal Time),
Chili Crisp,chili-crisp,635dadd677408d33e47a93fc,653ad7e5e882f528b34b59f5,6a6a637c1e103364d5dd0998,false,false,Wed Jul 29 2026 20:33:00 GMT+0000 (Coordinated Universal Time),Wed Jul 29 2026 20:33:00 GMT+0000 (Coordinated Universal Time),Thu Aug 06 2026 02:00:25 GMT+0000 (Coordinated Universal Time),
Chili Flakes,chili-flakes,635dadd677408d33e47a93fc,653ad7e5e882f528b34b59f5,6a6a637c1e103364d5dd099a,false,false,Wed Jul 29 2026 20:33:00 GMT+0000 (Coordinated Universal Time),Wed Jul 29 2026 20:33:00 GMT+0000 (Coordinated Universal Time),Thu Aug 06 2026 02:00:25 GMT+0000 (Coordinated Universal Time),
Chili Oil,chili-oil,635dadd677408d33e47a93fc,653ad7e5e882f528b34b59f5,6a6a637c1e103364d5dd099c,false,false,Wed Jul 29 2026 20:33:00 GMT+0000 (Coordinated Universal Time),Wed Jul 29 2026 20:33:00 GMT+0000 (Coordinated Universal Time),Thu Aug 06 2026 02:00:25 GMT+0000 (Coordinated Universal Time),
Chipotle Chile Flakes,chipotle-chile-flakes,635dadd677408d33e47a93fc,653ad7e5e882f528b34b59f5,6a6a637c1e103364d5dd099e,false,false,Wed Jul 29 2026 20:33:00 GMT+0000 (Coordinated Universal Time),Wed Jul 29 2026 20:33:00 GMT+0000 (Coordinated Universal Time),Thu Aug 06 2026 02:00:25 GMT+0000 (Coordinated Universal Time),
Chipotle Honey Vinaigrette,chipotle-honey-vinaigrette,635dadd677408d33e47a93fc,653ad7e5e882f528b34b59f5,6a6a637c1e103364d5dd09a0,false,false,Wed Jul 29 2026 20:33:00 GMT+0000 (Coordinated Universal Time),Wed Jul 29 2026 20:33:00 GMT+0000 (Coordinated Universal Time),Thu Aug 06 2026 02:00:25 GMT+0000 (Coordinated Universal Time),
Chipotle Powder,chipotle-powder,635dadd677408d33e47a93fc,653ad7e5e882f528b34b59f5,6a6a6389333a3fe673e921c4,false,false,Wed Jul 29 2026 20:33:13 GMT+0000 (Coordinated Universal Time),Wed Jul 29 2026 20:33:13 GMT+0000 (Coordinated Universal Time),Thu Aug 06 2026 02:00:25 GMT+0000 (Coordinated Universal Time),
Chives,chives,635dadd677408d33e47a93fc,653ad7e5e882f528b34b59f5,6a6a6389333a3fe673e921c6,false,false,Wed Jul 29 2026 20:33:13 GMT+0000 (Coordinated Universal Time),Wed Jul 29 2026 20:33:13 GMT+0000 (Coordinated Universal Time),Thu Aug 06 2026 02:00:25 GMT+0000 (Coordinated Universal Time),
Chunky Salsa,chunky-salsa,635dadd677408d33e47a93fc,653ad7e5e882f528b34b59f5,6a6a6389333a3fe673e921c8,false,false,Wed Jul 29 2026 20:33:13 GMT+0000 (Coordinated Universal Time),Wed Jul 29 2026 20:33:13 GMT+0000 (Coordinated Universal Time),Thu Aug 06 2026 02:00:25 GMT+0000 (Coordinated Universal Time),
Citric Acid,citric-acid,635dadd677408d33e47a93fc,653ad7e5e882f528b34b59f5,6a6a6389333a3fe673e921ca,false,false,Wed Jul 29 2026 20:33:13 GMT+0000 (Coordinated Universal Time),Wed Jul 29 2026 20:33:13 GMT+0000 (Coordinated Universal Time),Thu Aug 06 2026 02:00:25 GMT+0000 (Coordinated Universal Time),
Clementines,clementines,635dadd677408d33e47a93fc,653ad7e5e882f528b34b59f5,6a6a6389333a3fe673e921cc,false,false,Wed Jul 29 2026 20:33:13 GMT+0000 (Coordinated Universal Time),Wed Jul 29 2026 20:33:13 GMT+0000 (Coordinated Universal Time),Thu Aug 06 2026 02:00:25 GMT+0000 (Coordinated Universal Time),
Coco Aminos,coco-aminos,635dadd677408d33e47a93fc,653ad7e5e882f528b34b59f5,6a6a6389333a3fe673e921ce,false,false,Wed Jul 29 2026 20:33:13 GMT+0000 (Coordinated Universal Time),Wed Jul 29 2026 20:33:13 GMT+0000 (Coordinated Universal Time),Thu Aug 06 2026 02:00:25 GMT+0000 (Coordinated Universal Time),
Coconut,coconut,635dadd677408d33e47a93fc,653ad7e5e882f528b34b59f5,6a6a6389333a3fe673e921d0,false,false,Wed Jul 29 2026 20:33:13 GMT+0000 (Coordinated Universal Time),Wed Jul 29 2026 20:33:13 GMT+0000 (Coordinated Universal Time),Thu Aug 06 2026 02:00:25 GMT+0000 (Coordinated Universal Time),
Coconut Condensed Milk,coconut-condensed-milk,635dadd677408d33e47a93fc,653ad7e5e882f528b34b59f5,6a6a6389333a3fe673e921d2,false,false,Wed Jul 29 2026 20:33:13 GMT+0000 (Coordinated Universal Time),Wed Jul 29 2026 20:33:13 GMT+0000 (Coordinated Universal Time),Thu Aug 06 2026 02:00:25 GMT+0000 (Coordinated Universal Time),
Coconut Flakes,coconut-flakes,635dadd677408d33e47a93fc,653ad7e5e882f528b34b59f5,6a6a6389333a3fe673e921d4,false,false,Wed Jul 29 2026 20:33:13 GMT+0000 (Coordinated Universal Time),Wed Jul 29 2026 20:33:13 GMT+0000 (Coordinated Universal Time),Thu Aug 06 2026 02:00:25 GMT+0000 (Coordinated Universal Time),
Coconut Water,coconut-water,635dadd677408d33e47a93fc,653ad7e5e882f528b34b59f5,6a6a6389333a3fe673e921d6,false,false,Wed Jul 29 2026 20:33:13 GMT+0000 (Coordinated Universal Time),Wed Jul 29 2026 20:33:13 GMT+0000 (Coordinated Universal Time),Thu Aug 06 2026 02:00:25 GMT+0000 (Coordinated Universal Time),
Coriander,coriander,635dadd677408d33e47a93fc,653ad7e5e882f528b34b59f5,6a6a638abfc5ed80dd83c1c1,false,false,Wed Jul 29 2026 20:33:14 GMT+0000 (Coordinated Universal Time),Wed Jul 29 2026 20:33:14 GMT+0000 (Coordinated Universal Time),Thu Aug 06 2026 02:00:25 GMT+0000 (Coordinated Universal Time),
Coriander Seeds,coriander-seeds,635dadd677408d33e47a93fc,653ad7e5e882f528b34b59f5,6a6a638abfc5ed80dd83c1c3,false,false,Wed Jul 29 2026 20:33:14 GMT+0000 (Coordinated Universal Time),Wed Jul 29 2026 20:33:14 GMT+0000 (Coordinated Universal Time),Thu Aug 06 2026 02:00:25 GMT+0000 (Coordinated Universal Time),
Cornstarch,cornstarch,635dadd677408d33e47a93fc,653ad7e5e882f528b34b59f5,6a6a638abfc5ed80dd83c1c5,false,false,Wed Jul 29 2026 20:33:14 GMT+0000 (Coordinated Universal Time),Wed Jul 29 2026 20:33:14 GMT+0000 (Coordinated Universal Time),Thu Aug 06 2026 02:00:25 GMT+0000 (Coordinated Universal Time),
Cream Of Tartar,cream-of-tartar,635dadd677408d33e47a93fc,653ad7e5e882f528b34b59f5,6a6a638abfc5ed80dd83c1c7,false,false,Wed Jul 29 2026 20:33:14 GMT+0000 (Coordinated Universal Time),Wed Jul 29 2026 20:33:14 GMT+0000 (Coordinated Universal Time),Thu Aug 06 2026 02:00:25 GMT+0000 (Coordinated Universal Time),
Cremini,cremini,635dadd677408d33e47a93fc,653ad7e5e882f528b34b59f5,6a6a638abfc5ed80dd83c1c9,false,false,Wed Jul 29 2026 20:33:14 GMT+0000 (Coordinated Universal Time),Wed Jul 29 2026 20:33:14 GMT+0000 (Coordinated Universal Time),Thu Aug 06 2026 02:00:25 GMT+0000 (Coordinated Universal Time),
Croutons,croutons,635dadd677408d33e47a93fc,653ad7e5e882f528b34b59f5,6a6a638abfc5ed80dd83c1cb,false,false,Wed Jul 29 2026 20:33:14 GMT+0000 (Coordinated Universal Time),Wed Jul 29 2026 20:33:14 GMT+0000 (Coordinated Universal Time),Thu Aug 06 2026 02:00:25 GMT+0000 (Coordinated Universal Time),
Crumbled Vegan Meat,crumbled-vegan-meat,635dadd677408d33e47a93fc,653ad7e5e882f528b34b59f5,6a6a638abfc5ed80dd83c1cd,false,false,Wed Jul 29 2026 20:33:14 GMT+0000 (Coordinated Universal Time),Wed Jul 29 2026 20:33:14 GMT+0000 (Coordinated Universal Time),Thu Aug 06 2026 02:00:25 GMT+0000 (Coordinated Universal Time),
Currants,currants,635dadd677408d33e47a93fc,653ad7e5e882f528b34b59f5,6a6a638abfc5ed80dd83c1cf,false,false,Wed Jul 29 2026 20:33:14 GMT+0000 (Coordinated Universal Time),Wed Jul 29 2026 20:33:14 GMT+0000 (Coordinated Universal Time),Thu Aug 06 2026 02:00:25 GMT+0000 (Coordinated Universal Time),
Curry Powder,curry-powder,635dadd677408d33e47a93fc,653ad7e5e882f528b34b59f5,6a6a638abfc5ed80dd83c1d1,false,false,Wed Jul 29 2026 20:33:14 GMT+0000 (Coordinated Universal Time),Wed Jul 29 2026 20:33:14 GMT+0000 (Coordinated Universal Time),Thu Aug 06 2026 02:00:25 GMT+0000 (Coordinated Universal Time),
Dairy-free Butter,dairy-free-butter,635dadd677408d33e47a93fc,653ad7e5e882f528b34b59f5,6a6a638abfc5ed80dd83c1d3,false,false,Wed Jul 29 2026 20:33:14 GMT+0000 (Coordinated Universal Time),Wed Jul 29 2026 20:33:14 GMT+0000 (Coordinated Universal Time),Thu Aug 06 2026 02:00:25 GMT+0000 (Coordinated Universal Time),
Dairy-free Cheddar Shreds,dairy-free-cheddar-shreds,635dadd677408d33e47a93fc,653ad7e5e882f528b34b59f5,6a6a6399c61e75c92f761299,false,false,Wed Jul 29 2026 20:33:29 GMT+0000 (Coordinated Universal Time),Wed Jul 29 2026 20:33:29 GMT+0000 (Coordinated Universal Time),Thu Aug 06 2026 02:00:25 GMT+0000 (Coordinated Universal Time),
Dairy-free Milk,dairy-free-milk,635dadd677408d33e47a93fc,653ad7e5e882f528b34b59f5,6a6a6399c61e75c92f76129b,false,false,Wed Jul 29 2026 20:33:29 GMT+0000 (Coordinated Universal Time),Wed Jul 29 2026 20:33:29 GMT+0000 (Coordinated Universal Time),Thu Aug 06 2026 02:00:25 GMT+0000 (Coordinated Universal Time),
Dairy-free Mozzarella Cheese,dairy-free-mozzarella-cheese,635dadd677408d33e47a93fc,653ad7e5e882f528b34b59f5,6a6a6399c61e75c92f76129d,false,false,Wed Jul 29 2026 20:33:29 GMT+0000 (Coordinated Universal Time),Wed Jul 29 2026 20:33:29 GMT+0000 (Coordinated Universal Time),Thu Aug 06 2026 02:00:25 GMT+0000 (Coordinated Universal Time),
Dairy-free Mozzarella Shreds,dairy-free-mozzarella-shreds,635dadd677408d33e47a93fc,653ad7e5e882f528b34b59f5,6a6a6399c61e75c92f76129f,false,false,Wed Jul 29 2026 20:33:29 GMT+0000 (Coordinated Universal Time),Wed Jul 29 2026 20:33:29 GMT+0000 (Coordinated Universal Time),Thu Aug 06 2026 02:00:25 GMT+0000 (Coordinated Universal Time),
Dairy-free Whipped Cream,dairy-free-whipped-cream,635dadd677408d33e47a93fc,653ad7e5e882f528b34b59f5,6a6a6399c61e75c92f7612a1,false,false,Wed Jul 29 2026 20:33:29 GMT+0000 (Coordinated Universal Time),Wed Jul 29 2026 20:33:29 GMT+0000 (Coordinated Universal Time),Thu Aug 06 2026 02:00:25 GMT+0000 (Coordinated Universal Time),
Dark Rum,dark-rum,635dadd677408d33e47a93fc,653ad7e5e882f528b34b59f5,6a6a6399c61e75c92f7612a3,false,false,Wed Jul 29 2026 20:33:29 GMT+0000 (Coordinated Universal Time),Wed Jul 29 2026 20:33:29 GMT+0000 (Coordinated Universal Time),Thu Aug 06 2026 02:00:25 GMT+0000 (Coordinated Universal Time),
Dark Soy Sauce,dark-soy-sauce,635dadd677408d33e47a93fc,653ad7e5e882f528b34b59f5,6a6a6399c61e75c92f7612a5,false,false,Wed Jul 29 2026 20:33:29 GMT+0000 (Coordinated Universal Time),Wed Jul 29 2026 20:33:29 GMT+0000 (Coordinated Universal Time),Thu Aug 06 2026 02:00:25 GMT+0000 (Coordinated Universal Time),
Dashi,dashi,635dadd677408d33e47a93fc,653ad7e5e882f528b34b59f5,6a6a6399c61e75c92f7612a7,false,false,Wed Jul 29 2026 20:33:29 GMT+0000 (Coordinated Universal Time),Wed Jul 29 2026 20:33:29 GMT+0000 (Coordinated Universal Time),Thu Aug 06 2026 02:00:25 GMT+0000 (Coordinated Universal Time),
Dijon Mustard,dijon-mustard,635dadd677408d33e47a93fc,653ad7e5e882f528b34b59f5,6a6a6399c61e75c92f7612a9,false,false,Wed Jul 29 2026 20:33:29 GMT+0000 (Coordinated Universal Time),Wed Jul 29 2026 20:33:29 GMT+0000 (Coordinated Universal Time),Thu Aug 06 2026 02:00:25 GMT+0000 (Coordinated Universal Time),
Distilled Water,distilled-water,635dadd677408d33e47a93fc,653ad7e5e882f528b34b59f5,6a6a6399c61e75c92f7612ab,false,false,Wed Jul 29 2026 20:33:29 GMT+0000 (Coordinated Universal Time),Wed Jul 29 2026 20:33:29 GMT+0000 (Coordinated Universal Time),Thu Aug 06 2026 02:00:25 GMT+0000 (Coordinated Universal Time),
Dry White Wine,dry-white-wine,635dadd677408d33e47a93fc,653ad7e5e882f528b34b59f5,6a6a639a72023b2479a8bfc1,false,false,Wed Jul 29 2026 20:33:30 GMT+0000 (Coordinated Universal Time),Wed Jul 29 2026 20:33:30 GMT+0000 (Coordinated Universal Time),Thu Aug 06 2026 02:00:25 GMT+0000 (Coordinated Universal Time),
Edamame,edamame,635dadd677408d33e47a93fc,653ad7e5e882f528b34b59f5,6a6a639a72023b2479a8bfc3,false,false,Wed Jul 29 2026 20:33:30 GMT+0000 (Coordinated Universal Time),Wed Jul 29 2026 20:33:30 GMT+0000 (Coordinated Universal Time),Thu Aug 06 2026 02:00:25 GMT+0000 (Coordinated Universal Time),
Edible Flowers,edible-flowers,635dadd677408d33e47a93fc,653ad7e5e882f528b34b59f5,6a6a639a72023b2479a8bfc5,false,false,Wed Jul 29 2026 20:33:30 GMT+0000 (Coordinated Universal Time),Wed Jul 29 2026 20:33:30 GMT+0000 (Coordinated Universal Time),Thu Aug 06 2026 02:00:25 GMT+0000 (Coordinated Universal Time),
Egg,egg,635dadd677408d33e47a93fc,653ad7e5e882f528b34b59f5,6a6a639a72023b2479a8bfc7,false,false,Wed Jul 29 2026 20:33:30 GMT+0000 (Coordinated Universal Time),Wed Jul 29 2026 20:33:30 GMT+0000 (Coordinated Universal Time),Thu Aug 06 2026 02:00:25 GMT+0000 (Coordinated Universal Time),
Elbow Macaroni,elbow-macaroni,635dadd677408d33e47a93fc,653ad7e5e882f528b34b59f5,6a6a639a72023b2479a8bfc9,false,false,Wed Jul 29 2026 20:33:30 GMT+0000 (Coordinated Universal Time),Wed Jul 29 2026 20:33:30 GMT+0000 (Coordinated Universal Time),Thu Aug 06 2026 02:00:25 GMT+0000 (Coordinated Universal Time),
Espresso Powder,espresso-powder,635dadd677408d33e47a93fc,653ad7e5e882f528b34b59f5,6a6a639a72023b2479a8bfcb,false,false,Wed Jul 29 2026 20:33:30 GMT+0000 (Coordinated Universal Time),Wed Jul 29 2026 20:33:30 GMT+0000 (Coordinated Universal Time),Thu Aug 06 2026 02:00:25 GMT+0000 (Coordinated Universal Time),
Extra Hoisin,extra-hoisin,635dadd677408d33e47a93fc,653ad7e5e882f528b34b59f5,6a6a639a72023b2479a8bfcd,false,false,Wed Jul 29 2026 20:33:30 GMT+0000 (Coordinated Universal Time),Wed Jul 29 2026 20:33:30 GMT+0000 (Coordinated Universal Time),Thu Aug 06 2026 02:00:25 GMT+0000 (Coordinated Universal Time),
Extra Soy Sauce,extra-soy-sauce,635dadd677408d33e47a93fc,653ad7e5e882f528b34b59f5,6a6a639a72023b2479a8bfcf,false,false,Wed Jul 29 2026 20:33:30 GMT+0000 (Coordinated Universal Time),Wed Jul 29 2026 20:33:30 GMT+0000 (Coordinated Universal Time),Thu Aug 06 2026 02:00:25 GMT+0000 (Coordinated Universal Time),
Extra Sriracha,extra-sriracha,635dadd677408d33e47a93fc,653ad7e5e882f528b34b59f5,6a6a639a72023b2479a8bfd1,false,false,Wed Jul 29 2026 20:33:30 GMT+0000 (Coordinated Universal Time),Wed Jul 29 2026 20:33:30 GMT+0000 (Coordinated Universal Time),Thu Aug 06 2026 02:00:25 GMT+0000 (Coordinated Universal Time),
Farro,farro,635dadd677408d33e47a93fc,653ad7e5e882f528b34b59f5,6a6a639a72023b2479a8bfd3,false,false,Wed Jul 29 2026 20:33:30 GMT+0000 (Coordinated Universal Time),Wed Jul 29 2026 20:33:30 GMT+0000 (Coordinated Universal Time),Thu Aug 06 2026 02:00:25 GMT+0000 (Coordinated Universal Time),
Fennel Seeds,fennel-seeds,635dadd677408d33e47a93fc,653ad7e5e882f528b34b59f5,6a6a63a91e103364d5dd19c2,false,false,Wed Jul 29 2026 20:33:45 GMT+0000 (Coordinated Universal Time),Wed Jul 29 2026 20:33:45 GMT+0000 (Coordinated Universal Time),Thu Aug 06 2026 02:00:25 GMT+0000 (Coordinated Universal Time),
Fenugreek Seeds,fenugreek-seeds,635dadd677408d33e47a93fc,653ad7e5e882f528b34b59f5,6a6a63a91e103364d5dd19c4,false,false,Wed Jul 29 2026 20:33:45 GMT+0000 (Coordinated Universal Time),Wed Jul 29 2026 20:33:45 GMT+0000 (Coordinated Universal Time),Thu Aug 06 2026 02:00:25 GMT+0000 (Coordinated Universal Time),
Filtered Water,filtered-water,635dadd677408d33e47a93fc,653ad7e5e882f528b34b59f5,6a6a63a91e103364d5dd19c6,false,false,Wed Jul 29 2026 20:33:45 GMT+0000 (Coordinated Universal Time),Wed Jul 29 2026 20:33:45 GMT+0000 (Coordinated Universal Time),Thu Aug 06 2026 02:00:25 GMT+0000 (Coordinated Universal Time),
Fine Yellow Cornmeal,fine-yellow-cornmeal,635dadd677408d33e47a93fc,653ad7e5e882f528b34b59f5,6a6a63a91e103364d5dd19c8,false,false,Wed Jul 29 2026 20:33:45 GMT+0000 (Coordinated Universal Time),Wed Jul 29 2026 20:33:45 GMT+0000 (Coordinated Universal Time),Thu Aug 06 2026 02:00:25 GMT+0000 (Coordinated Universal Time),
Flatbreads,flatbreads,635dadd677408d33e47a93fc,653ad7e5e882f528b34b59f5,6a6a63a91e103364d5dd19ca,false,false,Wed Jul 29 2026 20:33:45 GMT+0000 (Coordinated Universal Time),Wed Jul 29 2026 20:33:45 GMT+0000 (Coordinated Universal Time),Thu Aug 06 2026 02:00:25 GMT+0000 (Coordinated Universal Time),
French Baguette Sections,french-baguette-sections,635dadd677408d33e47a93fc,653ad7e5e882f528b34b59f5,6a6a63a91e103364d5dd19cc,false,false,Wed Jul 29 2026 20:33:45 GMT+0000 (Coordinated Universal Time),Wed Jul 29 2026 20:33:45 GMT+0000 (Coordinated Universal Time),Thu Aug 06 2026 02:00:25 GMT+0000 (Coordinated Universal Time),
French Baguettes,french-baguettes,635dadd677408d33e47a93fc,653ad7e5e882f528b34b59f5,6a6a63a91e103364d5dd19ce,false,false,Wed Jul 29 2026 20:33:45 GMT+0000 (Coordinated Universal Time),Wed Jul 29 2026 20:33:45 GMT+0000 (Coordinated Universal Time),Thu Aug 06 2026 02:00:25 GMT+0000 (Coordinated Universal Time),
Fried Shallots,fried-shallots,635dadd677408d33e47a93fc,653ad7e5e882f528b34b59f5,6a6a63a91e103364d5dd19d0,false,false,Wed Jul 29 2026 20:33:45 GMT+0000 (Coordinated Universal Time),Wed Jul 29 2026 20:33:45 GMT+0000 (Coordinated Universal Time),Thu Aug 06 2026 02:00:25 GMT+0000 (Coordinated Universal Time),
Frozen Mixed Vegetables,frozen-mixed-vegetables,635dadd677408d33e47a93fc,653ad7e5e882f528b34b59f5,6a6a63a91e103364d5dd19d2,false,false,Wed Jul 29 2026 20:33:45 GMT+0000 (Coordinated Universal Time),Wed Jul 29 2026 20:33:45 GMT+0000 (Coordinated Universal Time),Thu Aug 06 2026 02:00:25 GMT+0000 (Coordinated Universal Time),
Frozen Tater Tots,frozen-tater-tots,635dadd677408d33e47a93fc,653ad7e5e882f528b34b59f5,6a6a63a91e103364d5dd19d4,false,false,Wed Jul 29 2026 20:33:45 GMT+0000 (Coordinated Universal Time),Wed Jul 29 2026 20:33:45 GMT+0000 (Coordinated Universal Time),Thu Aug 06 2026 02:00:25 GMT+0000 (Coordinated Universal Time),
Fruit Compote,fruit-compote,635dadd677408d33e47a93fc,653ad7e5e882f528b34b59f5,6a6a63a94024efdb3d1c6671,false,false,Wed Jul 29 2026 20:33:45 GMT+0000 (Coordinated Universal Time),Wed Jul 29 2026 20:33:45 GMT+0000 (Coordinated Universal Time),Thu Aug 06 2026 02:00:25 GMT+0000 (Coordinated Universal Time),
Galangal,galangal,635dadd677408d33e47a93fc,653ad7e5e882f528b34b59f5,6a6a63a94024efdb3d1c6673,false,false,Wed Jul 29 2026 20:33:45 GMT+0000 (Coordinated Universal Time),Wed Jul 29 2026 20:33:45 GMT+0000 (Coordinated Universal Time),Thu Aug 06 2026 02:00:25 GMT+0000 (Coordinated Universal Time),
Garam Masala,garam-masala,635dadd677408d33e47a93fc,653ad7e5e882f528b34b59f5,6a6a63a94024efdb3d1c6675,false,false,Wed Jul 29 2026 20:33:45 GMT+0000 (Coordinated Universal Time),Wed Jul 29 2026 20:33:45 GMT+0000 (Coordinated Universal Time),Thu Aug 06 2026 02:00:25 GMT+0000 (Coordinated Universal Time),
Gel Food Coloring,gel-food-coloring,635dadd677408d33e47a93fc,653ad7e5e882f528b34b59f5,6a6a63a94024efdb3d1c6677,false,false,Wed Jul 29 2026 20:33:45 GMT+0000 (Coordinated Universal Time),Wed Jul 29 2026 20:33:45 GMT+0000 (Coordinated Universal Time),Thu Aug 06 2026 02:00:25 GMT+0000 (Coordinated Universal Time),
Giardiniera,giardiniera,635dadd677408d33e47a93fc,653ad7e5e882f528b34b59f5,6a6a63a94024efdb3d1c6679,false,false,Wed Jul 29 2026 20:33:45 GMT+0000 (Coordinated Universal Time),Wed Jul 29 2026 20:33:45 GMT+0000 (Coordinated Universal Time),Thu Aug 06 2026 02:00:25 GMT+0000 (Coordinated Universal Time),
Ginger,ginger,635dadd677408d33e47a93fc,653ad7e5e882f528b34b59f5,6a6a63a94024efdb3d1c667b,false,false,Wed Jul 29 2026 20:33:45 GMT+0000 (Coordinated Universal Time),Wed Jul 29 2026 20:33:45 GMT+0000 (Coordinated Universal Time),Thu Aug 06 2026 02:00:25 GMT+0000 (Coordinated Universal Time),
Ginger Powder,ginger-powder,635dadd677408d33e47a93fc,653ad7e5e882f528b34b59f5,6a6a63a94024efdb3d1c667d,false,false,Wed Jul 29 2026 20:33:45 GMT+0000 (Coordinated Universal Time),Wed Jul 29 2026 20:33:45 GMT+0000 (Coordinated Universal Time),Thu Aug 06 2026 02:00:25 GMT+0000 (Coordinated Universal Time),
Gochugaru,gochugaru,635dadd677408d33e47a93fc,653ad7e5e882f528b34b59f5,6a6a63a94024efdb3d1c667f,false,false,Wed Jul 29 2026 20:33:45 GMT+0000 (Coordinated Universal Time),Wed Jul 29 2026 20:33:45 GMT+0000 (Coordinated Universal Time),Thu Aug 06 2026 02:00:25 GMT+0000 (Coordinated Universal Time),
Gochujang,gochujang,635dadd677408d33e47a93fc,653ad7e5e882f528b34b59f5,6a6a63a94024efdb3d1c6681,false,false,Wed Jul 29 2026 20:33:45 GMT+0000 (Coordinated Universal Time),Wed Jul 29 2026 20:33:45 GMT+0000 (Coordinated Universal Time),Thu Aug 06 2026 02:00:25 GMT+0000 (Coordinated Universal Time),
Granola,granola,635dadd677408d33e47a93fc,653ad7e5e882f528b34b59f5,6a6a63a94024efdb3d1c6683,false,false,Wed Jul 29 2026 20:33:45 GMT+0000 (Coordinated Universal Time),Wed Jul 29 2026 20:33:45 GMT+0000 (Coordinated Universal Time),Thu Aug 06 2026 02:00:25 GMT+0000 (Coordinated Universal Time),
Green Cardamom Pods,green-cardamom-pods,635dadd677408d33e47a93fc,653ad7e5e882f528b34b59f5,6a6a63b50dd6cebb6a293b2d,false,false,Wed Jul 29 2026 20:33:57 GMT+0000 (Coordinated Universal Time),Wed Jul 29 2026 20:33:57 GMT+0000 (Coordinated Universal Time),Thu Aug 06 2026 02:00:25 GMT+0000 (Coordinated Universal Time),
Green Chili,green-chili,635dadd677408d33e47a93fc,653ad7e5e882f528b34b59f5,6a6a63b50dd6cebb6a293b2f,false,false,Wed Jul 29 2026 20:33:57 GMT+0000 (Coordinated Universal Time),Wed Jul 29 2026 20:33:57 GMT+0000 (Coordinated Universal Time),Thu Aug 06 2026 02:00:25 GMT+0000 (Coordinated Universal Time),
Green Chilies,green-chilies,635dadd677408d33e47a93fc,653ad7e5e882f528b34b59f5,6a6a63b50dd6cebb6a293b31,false,false,Wed Jul 29 2026 20:33:57 GMT+0000 (Coordinated Universal Time),Wed Jul 29 2026 20:33:57 GMT+0000 (Coordinated Universal Time),Thu Aug 06 2026 02:00:25 GMT+0000 (Coordinated Universal Time),
Green Salsa,green-salsa,635dadd677408d33e47a93fc,653ad7e5e882f528b34b59f5,6a6a63b50dd6cebb6a293b33,false,false,Wed Jul 29 2026 20:33:57 GMT+0000 (Coordinated Universal Time),Wed Jul 29 2026 20:33:57 GMT+0000 (Coordinated Universal Time),Thu Aug 06 2026 02:00:25 GMT+0000 (Coordinated Universal Time),
Gruyere-style Shreds,gruyere-style-shreds,635dadd677408d33e47a93fc,653ad7e5e882f528b34b59f5,6a6a63b50dd6cebb6a293b35,false,false,Wed Jul 29 2026 20:33:57 GMT+0000 (Coordinated Universal Time),Wed Jul 29 2026 20:33:57 GMT+0000 (Coordinated Universal Time),Thu Aug 06 2026 02:00:25 GMT+0000 (Coordinated Universal Time),
Guacamole,guacamole,635dadd677408d33e47a93fc,653ad7e5e882f528b34b59f5,6a6a63b50dd6cebb6a293b37,false,false,Wed Jul 29 2026 20:33:57 GMT+0000 (Coordinated Universal Time),Wed Jul 29 2026 20:33:57 GMT+0000 (Coordinated Universal Time),Thu Aug 06 2026 02:00:25 GMT+0000 (Coordinated Universal Time),
Harissa Sauce,harissa-sauce,635dadd677408d33e47a93fc,653ad7e5e882f528b34b59f5,6a6a63b50dd6cebb6a293b39,false,false,Wed Jul 29 2026 20:33:57 GMT+0000 (Coordinated Universal Time),Wed Jul 29 2026 20:33:57 GMT+0000 (Coordinated Universal Time),Thu Aug 06 2026 02:00:25 GMT+0000 (Coordinated Universal Time),
Hash Browns,hash-browns,635dadd677408d33e47a93fc,653ad7e5e882f528b34b59f5,6a6a63b50dd6cebb6a293b3b,false,false,Wed Jul 29 2026 20:33:57 GMT+0000 (Coordinated Universal Time),Wed Jul 29 2026 20:33:57 GMT+0000 (Coordinated Universal Time),Thu Aug 06 2026 02:00:25 GMT+0000 (Coordinated Universal Time),
Hemp Hearts,hemp-hearts,635dadd677408d33e47a93fc,653ad7e5e882f528b34b59f5,6a6a63b50dd6cebb6a293b3d,false,false,Wed Jul 29 2026 20:33:57 GMT+0000 (Coordinated Universal Time),Wed Jul 29 2026 20:33:57 GMT+0000 (Coordinated Universal Time),Thu Aug 06 2026 02:00:25 GMT+0000 (Coordinated Universal Time),
Hoagie Rolls,hoagie-rolls,635dadd677408d33e47a93fc,653ad7e5e882f528b34b59f5,6a6a63b50dd6cebb6a293b3f,false,false,Wed Jul 29 2026 20:33:57 GMT+0000 (Coordinated Universal Time),Wed Jul 29 2026 20:33:57 GMT+0000 (Coordinated Universal Time),Thu Aug 06 2026 02:00:25 GMT+0000 (Coordinated Universal Time),
Hoisin,hoisin,635dadd677408d33e47a93fc,653ad7e5e882f528b34b59f5,6a6a63b5daac5cec67b82019,false,false,Wed Jul 29 2026 20:33:57 GMT+0000 (Coordinated Universal Time),Wed Jul 29 2026 20:33:57 GMT+0000 (Coordinated Universal Time),Thu Aug 06 2026 02:00:25 GMT+0000 (Coordinated Universal Time),
Hoisin Sauce,hoisin-sauce,635dadd677408d33e47a93fc,653ad7e5e882f528b34b59f5,6a6a63b5daac5cec67b8201b,false,false,Wed Jul 29 2026 20:33:57 GMT+0000 (Coordinated Universal Time),Wed Jul 29 2026 20:33:57 GMT+0000 (Coordinated Universal Time),Thu Aug 06 2026 02:00:25 GMT+0000 (Coordinated Universal Time),
Honey,honey,635dadd677408d33e47a93fc,653ad7e5e882f528b34b59f5,6a6a63b5daac5cec67b8201d,false,false,Wed Jul 29 2026 20:33:57 GMT+0000 (Coordinated Universal Time),Wed Jul 29 2026 20:33:57 GMT+0000 (Coordinated Universal Time),Thu Aug 06 2026 02:00:25 GMT+0000 (Coordinated Universal Time),
Hungarian Paprika,hungarian-paprika,635dadd677408d33e47a93fc,653ad7e5e882f528b34b59f5,6a6a63b5daac5cec67b8201f,false,false,Wed Jul 29 2026 20:33:57 GMT+0000 (Coordinated Universal Time),Wed Jul 29 2026 20:33:57 GMT+0000 (Coordinated Universal Time),Thu Aug 06 2026 02:00:25 GMT+0000 (Coordinated Universal Time),
Ice Cubes,ice-cubes,635dadd677408d33e47a93fc,653ad7e5e882f528b34b59f5,6a6a63b5daac5cec67b82021,false,false,Wed Jul 29 2026 20:33:57 GMT+0000 (Coordinated Universal Time),Wed Jul 29 2026 20:33:57 GMT+0000 (Coordinated Universal Time),Thu Aug 06 2026 02:00:25 GMT+0000 (Coordinated Universal Time),
Injera,injera,635dadd677408d33e47a93fc,653ad7e5e882f528b34b59f5,6a6a63b5daac5cec67b82023,false,false,Wed Jul 29 2026 20:33:57 GMT+0000 (Coordinated Universal Time),Wed Jul 29 2026 20:33:57 GMT+0000 (Coordinated Universal Time),Thu Aug 06 2026 02:00:25 GMT+0000 (Coordinated Universal Time),
Instant Yeast,instant-yeast,635dadd677408d33e47a93fc,653ad7e5e882f528b34b59f5,6a6a63b5daac5cec67b82025,false,false,Wed Jul 29 2026 20:33:57 GMT+0000 (Coordinated Universal Time),Wed Jul 29 2026 20:33:57 GMT+0000 (Coordinated Universal Time),Thu Aug 06 2026 02:00:25 GMT+0000 (Coordinated Universal Time),
Italian Dressing,italian-dressing,635dadd677408d33e47a93fc,653ad7e5e882f528b34b59f5,6a6a63b5daac5cec67b82027,false,false,Wed Jul 29 2026 20:33:57 GMT+0000 (Coordinated Universal Time),Wed Jul 29 2026 20:33:57 GMT+0000 (Coordinated Universal Time),Thu Aug 06 2026 02:00:25 GMT+0000 (Coordinated Universal Time),
Italian Seasoning,italian-seasoning,635dadd677408d33e47a93fc,653ad7e5e882f528b34b59f5,6a6a63b5daac5cec67b82029,false,false,Wed Jul 29 2026 20:33:57 GMT+0000 (Coordinated Universal Time),Wed Jul 29 2026 20:33:57 GMT+0000 (Coordinated Universal Time),Thu Aug 06 2026 02:00:25 GMT+0000 (Coordinated Universal Time),
Japanese Curry Roux Cubes,japanese-curry-roux-cubes,635dadd677408d33e47a93fc,653ad7e5e882f528b34b59f5,6a6a63b5daac5cec67b8202b,false,false,Wed Jul 29 2026 20:33:57 GMT+0000 (Coordinated Universal Time),Wed Jul 29 2026 20:33:57 GMT+0000 (Coordinated Universal Time),Thu Aug 06 2026 02:00:25 GMT+0000 (Coordinated Universal Time),
Jasmine,jasmine,635dadd677408d33e47a93fc,653ad7e5e882f528b34b59f5,6a6a63bee2521911497aba2c,false,false,Wed Jul 29 2026 20:34:06 GMT+0000 (Coordinated Universal Time),Wed Jul 29 2026 20:34:06 GMT+0000 (Coordinated Universal Time),Thu Aug 06 2026 02:00:25 GMT+0000 (Coordinated Universal Time),
Kala Namak,kala-namak,635dadd677408d33e47a93fc,653ad7e5e882f528b34b59f5,6a6a63bee2521911497aba2e,false,false,Wed Jul 29 2026 20:34:06 GMT+0000 (Coordinated Universal Time),Wed Jul 29 2026 20:34:06 GMT+0000 (Coordinated Universal Time),Thu Aug 06 2026 02:00:25 GMT+0000 (Coordinated Universal Time),
Kataifi Pastry,kataifi-pastry,635dadd677408d33e47a93fc,653ad7e5e882f528b34b59f5,6a6a63bee2521911497aba30,false,false,Wed Jul 29 2026 20:34:06 GMT+0000 (Coordinated Universal Time),Wed Jul 29 2026 20:34:06 GMT+0000 (Coordinated Universal Time),Thu Aug 06 2026 02:00:25 GMT+0000 (Coordinated Universal Time),
Ketchup,ketchup,635dadd677408d33e47a93fc,653ad7e5e882f528b34b59f5,6a6a63bee2521911497aba32,false,false,Wed Jul 29 2026 20:34:06 GMT+0000 (Coordinated Universal Time),Wed Jul 29 2026 20:34:06 GMT+0000 (Coordinated Universal Time),Thu Aug 06 2026 02:00:25 GMT+0000 (Coordinated Universal Time),
Kombu Dashi,kombu-dashi,635dadd677408d33e47a93fc,653ad7e5e882f528b34b59f5,6a6a63bee2521911497aba34,false,false,Wed Jul 29 2026 20:34:06 GMT+0000 (Coordinated Universal Time),Wed Jul 29 2026 20:34:06 GMT+0000 (Coordinated Universal Time),Thu Aug 06 2026 02:00:25 GMT+0000 (Coordinated Universal Time),
Laksa Paste,laksa-paste,635dadd677408d33e47a93fc,653ad7e5e882f528b34b59f5,6a6a63bee2521911497aba36,false,false,Wed Jul 29 2026 20:34:06 GMT+0000 (Coordinated Universal Time),Wed Jul 29 2026 20:34:06 GMT+0000 (Coordinated Universal Time),Thu Aug 06 2026 02:00:25 GMT+0000 (Coordinated Universal Time),
Liquid Smoke,liquid-smoke,635dadd677408d33e47a93fc,653ad7e5e882f528b34b59f5,6a6a63bee2521911497aba38,false,false,Wed Jul 29 2026 20:34:06 GMT+0000 (Coordinated Universal Time),Wed Jul 29 2026 20:34:06 GMT+0000 (Coordinated Universal Time),Thu Aug 06 2026 02:00:25 GMT+0000 (Coordinated Universal Time),
Liquid Sweetener,liquid-sweetener,635dadd677408d33e47a93fc,653ad7e5e882f528b34b59f5,6a6a63bee2521911497aba3a,false,false,Wed Jul 29 2026 20:34:06 GMT+0000 (Coordinated Universal Time),Wed Jul 29 2026 20:34:06 GMT+0000 (Coordinated Universal Time),Thu Aug 06 2026 02:00:25 GMT+0000 (Coordinated Universal Time),
Liters Water,liters-water,635dadd677408d33e47a93fc,653ad7e5e882f528b34b59f5,6a6a63bee2521911497aba3c,false,false,Wed Jul 29 2026 20:34:06 GMT+0000 (Coordinated Universal Time),Wed Jul 29 2026 20:34:06 GMT+0000 (Coordinated Universal Time),Thu Aug 06 2026 02:00:25 GMT+0000 (Coordinated Universal Time),
Loose Hibiscus Flowers,loose-hibiscus-flowers,635dadd677408d33e47a93fc,653ad7e5e882f528b34b59f5,6a6a63bee2521911497aba3e,false,false,Wed Jul 29 2026 20:34:06 GMT+0000 (Coordinated Universal Time),Wed Jul 29 2026 20:34:06 GMT+0000 (Coordinated Universal Time),Thu Aug 06 2026 02:00:25 GMT+0000 (Coordinated Universal Time),
Loose-leaf Assam,loose-leaf-assam,635dadd677408d33e47a93fc,653ad7e5e882f528b34b59f5,6a6a63bfc61e75c92f762159,false,false,Wed Jul 29 2026 20:34:07 GMT+0000 (Coordinated Universal Time),Wed Jul 29 2026 20:34:07 GMT+0000 (Coordinated Universal Time),Thu Aug 06 2026 02:00:25 GMT+0000 (Coordinated Universal Time),
Maggi Seasoning,maggi-seasoning,635dadd677408d33e47a93fc,653ad7e5e882f528b34b59f5,6a6a63bfc61e75c92f76215b,false,false,Wed Jul 29 2026 20:34:07 GMT+0000 (Coordinated Universal Time),Wed Jul 29 2026 20:34:07 GMT+0000 (Coordinated Universal Time),Thu Aug 06 2026 02:00:25 GMT+0000 (Coordinated Universal Time),
Marinara Sauce,marinara-sauce,635dadd677408d33e47a93fc,653ad7e5e882f528b34b59f5,6a6a63bfc61e75c92f76215d,false,false,Wed Jul 29 2026 20:34:07 GMT+0000 (Coordinated Universal Time),Wed Jul 29 2026 20:34:07 GMT+0000 (Coordinated Universal Time),Thu Aug 06 2026 02:00:25 GMT+0000 (Coordinated Universal Time),
Marshmallows,marshmallows,635dadd677408d33e47a93fc,653ad7e5e882f528b34b59f5,6a6a63bfc61e75c92f76215f,false,false,Wed Jul 29 2026 20:34:07 GMT+0000 (Coordinated Universal Time),Wed Jul 29 2026 20:34:07 GMT+0000 (Coordinated Universal Time),Thu Aug 06 2026 02:00:25 GMT+0000 (Coordinated Universal Time),
Massaman Curry Paste,massaman-curry-paste,635dadd677408d33e47a93fc,653ad7e5e882f528b34b59f5,6a6a63bfc61e75c92f762161,false,false,Wed Jul 29 2026 20:34:07 GMT+0000 (Coordinated Universal Time),Wed Jul 29 2026 20:34:07 GMT+0000 (Coordinated Universal Time),Thu Aug 06 2026 02:00:25 GMT+0000 (Coordinated Universal Time),
Mexican Blend Cheese,mexican-blend-cheese,635dadd677408d33e47a93fc,653ad7e5e882f528b34b59f5,6a6a63bfc61e75c92f762163,false,false,Wed Jul 29 2026 20:34:07 GMT+0000 (Coordinated Universal Time),Wed Jul 29 2026 20:34:07 GMT+0000 (Coordinated Universal Time),Thu Aug 06 2026 02:00:25 GMT+0000 (Coordinated Universal Time),
Microgreens,microgreens,635dadd677408d33e47a93fc,653ad7e5e882f528b34b59f5,6a6a63bfc61e75c92f762165,false,false,Wed Jul 29 2026 20:34:07 GMT+0000 (Coordinated Universal Time),Wed Jul 29 2026 20:34:07 GMT+0000 (Coordinated Universal Time),Thu Aug 06 2026 02:00:25 GMT+0000 (Coordinated Universal Time),
Mild Red Chile Powder,mild-red-chile-powder,635dadd677408d33e47a93fc,653ad7e5e882f528b34b59f5,6a6a63bfc61e75c92f762167,false,false,Wed Jul 29 2026 20:34:07 GMT+0000 (Coordinated Universal Time),Wed Jul 29 2026 20:34:07 GMT+0000 (Coordinated Universal Time),Thu Aug 06 2026 02:00:25 GMT+0000 (Coordinated Universal Time),
Mirin,mirin,635dadd677408d33e47a93fc,653ad7e5e882f528b34b59f5,6a6a63bfc61e75c92f762169,false,false,Wed Jul 29 2026 20:34:07 GMT+0000 (Coordinated Universal Time),Wed Jul 29 2026 20:34:07 GMT+0000 (Coordinated Universal Time),Thu Aug 06 2026 02:00:25 GMT+0000 (Coordinated Universal Time),
Miso Paste,miso-paste,635dadd677408d33e47a93fc,653ad7e5e882f528b34b59f5,6a6a63bfc61e75c92f76216b,false,false,Wed Jul 29 2026 20:34:07 GMT+0000 (Coordinated Universal Time),Wed Jul 29 2026 20:34:07 GMT+0000 (Coordinated Universal Time),Thu Aug 06 2026 02:00:25 GMT+0000 (Coordinated Universal Time),
Oyster-style Vegan Sauce,oyster-style-vegan-sauce,635dadd677408d33e47a93fc,653ad7e5e882f528b34b59f5,6a6a63c8539caeee1b24b806,false,false,Wed Jul 29 2026 20:34:16 GMT+0000 (Coordinated Universal Time),Wed Jul 29 2026 20:34:16 GMT+0000 (Coordinated Universal Time),Thu Aug 06 2026 02:00:25 GMT+0000 (Coordinated Universal Time),
Panko,panko,635dadd677408d33e47a93fc,653ad7e5e882f528b34b59f5,6a6a63c8539caeee1b24b808,false,false,Wed Jul 29 2026 20:34:16 GMT+0000 (Coordinated Universal Time),Wed Jul 29 2026 20:34:16 GMT+0000 (Coordinated Universal Time),Thu Aug 06 2026 02:00:25 GMT+0000 (Coordinated Universal Time),
Panko Breadcrumbs,panko-breadcrumbs,635dadd677408d33e47a93fc,653ad7e5e882f528b34b59f5,6a6a63c8539caeee1b24b80a,false,false,Wed Jul 29 2026 20:34:16 GMT+0000 (Coordinated Universal Time),Wed Jul 29 2026 20:34:16 GMT+0000 (Coordinated Universal Time),Thu Aug 06 2026 02:00:25 GMT+0000 (Coordinated Universal Time),
Paprika,paprika,635dadd677408d33e47a93fc,653ad7e5e882f528b34b59f5,6a6a63c8539caeee1b24b80c,false,false,Wed Jul 29 2026 20:34:16 GMT+0000 (Coordinated Universal Time),Wed Jul 29 2026 20:34:16 GMT+0000 (Coordinated Universal Time),Thu Aug 06 2026 02:00:25 GMT+0000 (Coordinated Universal Time),
Paprika Powder,paprika-powder,635dadd677408d33e47a93fc,653ad7e5e882f528b34b59f5,6a6a63c8539caeee1b24b80e,false,false,Wed Jul 29 2026 20:34:16 GMT+0000 (Coordinated Universal Time),Wed Jul 29 2026 20:34:16 GMT+0000 (Coordinated Universal Time),Thu Aug 06 2026 02:00:25 GMT+0000 (Coordinated Universal Time),
Passion Herbal Tea,passion-herbal-tea,635dadd677408d33e47a93fc,653ad7e5e882f528b34b59f5,6a6a63c8539caeee1b24b810,false,false,Wed Jul 29 2026 20:34:16 GMT+0000 (Coordinated Universal Time),Wed Jul 29 2026 20:34:16 GMT+0000 (Coordinated Universal Time),Thu Aug 06 2026 02:00:25 GMT+0000 (Coordinated Universal Time),
Pearl Barley,pearl-barley,635dadd677408d33e47a93fc,653ad7e5e882f528b34b59f5,6a6a63c8539caeee1b24b812,false,false,Wed Jul 29 2026 20:34:16 GMT+0000 (Coordinated Universal Time),Wed Jul 29 2026 20:34:16 GMT+0000 (Coordinated Universal Time),Thu Aug 06 2026 02:00:25 GMT+0000 (Coordinated Universal Time),
Penne,penne,635dadd677408d33e47a93fc,653ad7e5e882f528b34b59f5,6a6a63c8539caeee1b24b814,false,false,Wed Jul 29 2026 20:34:16 GMT+0000 (Coordinated Universal Time),Wed Jul 29 2026 20:34:16 GMT+0000 (Coordinated Universal Time),Thu Aug 06 2026 02:00:25 GMT+0000 (Coordinated Universal Time),
Peppercorns,peppercorns,635dadd677408d33e47a93fc,653ad7e5e882f528b34b59f5,6a6a63c8539caeee1b24b816,false,false,Wed Jul 29 2026 20:34:16 GMT+0000 (Coordinated Universal Time),Wed Jul 29 2026 20:34:16 GMT+0000 (Coordinated Universal Time),Thu Aug 06 2026 02:00:25 GMT+0000 (Coordinated Universal Time),
Peppermint Extract,peppermint-extract,635dadd677408d33e47a93fc,653ad7e5e882f528b34b59f5,6a6a63c8539caeee1b24b818,false,false,Wed Jul 29 2026 20:34:16 GMT+0000 (Coordinated Universal Time),Wed Jul 29 2026 20:34:16 GMT+0000 (Coordinated Universal Time),Thu Aug 06 2026 02:00:25 GMT+0000 (Coordinated Universal Time),
Molasses,molasses,635dadd677408d33e47a93fc,653ad7e5e882f528b34b59f5,6a6a63c8cf9b0df900a09d3f,false,false,Wed Jul 29 2026 20:34:16 GMT+0000 (Coordinated Universal Time),Wed Jul 29 2026 20:34:16 GMT+0000 (Coordinated Universal Time),Thu Aug 06 2026 02:00:25 GMT+0000 (Coordinated Universal Time),
Mustard,mustard,635dadd677408d33e47a93fc,653ad7e5e882f528b34b59f5,6a6a63c8cf9b0df900a09d41,false,false,Wed Jul 29 2026 20:34:16 GMT+0000 (Coordinated Universal Time),Wed Jul 29 2026 20:34:16 GMT+0000 (Coordinated Universal Time),Thu Aug 06 2026 02:00:25 GMT+0000 (Coordinated Universal Time),
Mustard Powder,mustard-powder,635dadd677408d33e47a93fc,653ad7e5e882f528b34b59f5,6a6a63c8cf9b0df900a09d43,false,false,Wed Jul 29 2026 20:34:16 GMT+0000 (Coordinated Universal Time),Wed Jul 29 2026 20:34:16 GMT+0000 (Coordinated Universal Time),Thu Aug 06 2026 02:00:25 GMT+0000 (Coordinated Universal Time),
Mustard Seeds,mustard-seeds,635dadd677408d33e47a93fc,653ad7e5e882f528b34b59f5,6a6a63c8cf9b0df900a09d45,false,false,Wed Jul 29 2026 20:34:16 GMT+0000 (Coordinated Universal Time),Wed Jul 29 2026 20:34:16 GMT+0000 (Coordinated Universal Time),Thu Aug 06 2026 02:00:25 GMT+0000 (Coordinated Universal Time),
Neutral-flavored Oil,neutral-flavored-oil,635dadd677408d33e47a93fc,653ad7e5e882f528b34b59f5,6a6a63c8cf9b0df900a09d47,false,false,Wed Jul 29 2026 20:34:16 GMT+0000 (Coordinated Universal Time),Wed Jul 29 2026 20:34:16 GMT+0000 (Coordinated Universal Time),Thu Aug 06 2026 02:00:25 GMT+0000 (Coordinated Universal Time),
Niter Kibbeh,niter-kibbeh,635dadd677408d33e47a93fc,653ad7e5e882f528b34b59f5,6a6a63c8cf9b0df900a09d49,false,false,Wed Jul 29 2026 20:34:16 GMT+0000 (Coordinated Universal Time),Wed Jul 29 2026 20:34:16 GMT+0000 (Coordinated Universal Time),Thu Aug 06 2026 02:00:25 GMT+0000 (Coordinated Universal Time),
Non-chlorinated Water,non-chlorinated-water,635dadd677408d33e47a93fc,653ad7e5e882f528b34b59f5,6a6a63c8cf9b0df900a09d4b,false,false,Wed Jul 29 2026 20:34:16 GMT+0000 (Coordinated Universal Time),Wed Jul 29 2026 20:34:16 GMT+0000 (Coordinated Universal Time),Thu Aug 06 2026 02:00:25 GMT+0000 (Coordinated Universal Time),
Non-dairy Béchamel,non-dairy-bechamel,635dadd677408d33e47a93fc,653ad7e5e882f528b34b59f5,6a6a63c8cf9b0df900a09d4d,false,false,Wed Jul 29 2026 20:34:16 GMT+0000 (Coordinated Universal Time),Wed Jul 29 2026 20:34:16 GMT+0000 (Coordinated Universal Time),Thu Aug 06 2026 02:00:25 GMT+0000 (Coordinated Universal Time),
Nori,nori,635dadd677408d33e47a93fc,653ad7e5e882f528b34b59f5,6a6a63c8cf9b0df900a09d4f,false,false,Wed Jul 29 2026 20:34:16 GMT+0000 (Coordinated Universal Time),Wed Jul 29 2026 20:34:16 GMT+0000 (Coordinated Universal Time),Thu Aug 06 2026 02:00:25 GMT+0000 (Coordinated Universal Time),
Okra,okra,635dadd677408d33e47a93fc,653ad7e5e882f528b34b59f5,6a6a63c8cf9b0df900a09d51,false,false,Wed Jul 29 2026 20:34:16 GMT+0000 (Coordinated Universal Time),Wed Jul 29 2026 20:34:16 GMT+0000 (Coordinated Universal Time),Thu Aug 06 2026 02:00:25 GMT+0000 (Coordinated Universal Time),
Plant-based Sausage,plant-based-sausage,635dadd677408d33e47a93fc,653ad7e5e882f528b34b59f5,6a6a63d11aa0463243f4f630,false,false,Wed Jul 29 2026 20:34:25 GMT+0000 (Coordinated Universal Time),Wed Jul 29 2026 20:34:25 GMT+0000 (Coordinated Universal Time),Thu Aug 06 2026 02:00:25 GMT+0000 (Coordinated Universal Time),
Plum,plum,635dadd677408d33e47a93fc,653ad7e5e882f528b34b59f5,6a6a63d11aa0463243f4f632,false,false,Wed Jul 29 2026 20:34:25 GMT+0000 (Coordinated Universal Time),Wed Jul 29 2026 20:34:25 GMT+0000 (Coordinated Universal Time),Thu Aug 06 2026 02:00:25 GMT+0000 (Coordinated Universal Time),
Poblano Peppers,poblano-peppers,635dadd677408d33e47a93fc,653ad7e5e882f528b34b59f5,6a6a63d11aa0463243f4f634,false,false,Wed Jul 29 2026 20:34:25 GMT+0000 (Coordinated Universal Time),Wed Jul 29 2026 20:34:25 GMT+0000 (Coordinated Universal Time),Thu Aug 06 2026 02:00:25 GMT+0000 (Coordinated Universal Time),
Rainbow Sprinkles,rainbow-sprinkles,635dadd677408d33e47a93fc,653ad7e5e882f528b34b59f5,6a6a63d11aa0463243f4f636,false,false,Wed Jul 29 2026 20:34:25 GMT+0000 (Coordinated Universal Time),Wed Jul 29 2026 20:34:25 GMT+0000 (Coordinated Universal Time),Thu Aug 06 2026 02:00:25 GMT+0000 (Coordinated Universal Time),
Raisins,raisins,635dadd677408d33e47a93fc,653ad7e5e882f528b34b59f5,6a6a63d11aa0463243f4f638,false,false,Wed Jul 29 2026 20:34:25 GMT+0000 (Coordinated Universal Time),Wed Jul 29 2026 20:34:25 GMT+0000 (Coordinated Universal Time),Thu Aug 06 2026 02:00:25 GMT+0000 (Coordinated Universal Time),
Ranchero Sauce,ranchero-sauce,635dadd677408d33e47a93fc,653ad7e5e882f528b34b59f5,6a6a63d11aa0463243f4f63a,false,false,Wed Jul 29 2026 20:34:25 GMT+0000 (Coordinated Universal Time),Wed Jul 29 2026 20:34:25 GMT+0000 (Coordinated Universal Time),Thu Aug 06 2026 02:00:25 GMT+0000 (Coordinated Universal Time),
Red Chili Flakes,red-chili-flakes,635dadd677408d33e47a93fc,653ad7e5e882f528b34b59f5,6a6a63d11aa0463243f4f63c,false,false,Wed Jul 29 2026 20:34:25 GMT+0000 (Coordinated Universal Time),Wed Jul 29 2026 20:34:25 GMT+0000 (Coordinated Universal Time),Thu Aug 06 2026 02:00:25 GMT+0000 (Coordinated Universal Time),
Red Chilies,red-chilies,635dadd677408d33e47a93fc,653ad7e5e882f528b34b59f5,6a6a63d11aa0463243f4f63e,false,false,Wed Jul 29 2026 20:34:25 GMT+0000 (Coordinated Universal Time),Wed Jul 29 2026 20:34:25 GMT+0000 (Coordinated Universal Time),Thu Aug 06 2026 02:00:25 GMT+0000 (Coordinated Universal Time),
Romaine,romaine,635dadd677408d33e47a93fc,653ad7e5e882f528b34b59f5,6a6a63d11aa0463243f4f640,false,false,Wed Jul 29 2026 20:34:25 GMT+0000 (Coordinated Universal Time),Wed Jul 29 2026 20:34:25 GMT+0000 (Coordinated Universal Time),Thu Aug 06 2026 02:00:25 GMT+0000 (Coordinated Universal Time),
Rose Petals,rose-petals,635dadd677408d33e47a93fc,653ad7e5e882f528b34b59f5,6a6a63d11aa0463243f4f642,false,false,Wed Jul 29 2026 20:34:25 GMT+0000 (Coordinated Universal Time),Wed Jul 29 2026 20:34:25 GMT+0000 (Coordinated Universal Time),Thu Aug 06 2026 02:00:25 GMT+0000 (Coordinated Universal Time),
Pickled Ginger,pickled-ginger,635dadd677408d33e47a93fc,653ad7e5e882f528b34b59f5,6a6a63d1f70dd59f384067f7,false,false,Wed Jul 29 2026 20:34:25 GMT+0000 (Coordinated Universal Time),Wed Jul 29 2026 20:34:25 GMT+0000 (Coordinated Universal Time),Thu Aug 06 2026 02:00:25 GMT+0000 (Coordinated Universal Time),
Pickled Turnips,pickled-turnips,635dadd677408d33e47a93fc,653ad7e5e882f528b34b59f5,6a6a63d1f70dd59f384067f9,false,false,Wed Jul 29 2026 20:34:25 GMT+0000 (Coordinated Universal Time),Wed Jul 29 2026 20:34:25 GMT+0000 (Coordinated Universal Time),Thu Aug 06 2026 02:00:25 GMT+0000 (Coordinated Universal Time),
Pico De Gallo,pico-de-gallo,635dadd677408d33e47a93fc,653ad7e5e882f528b34b59f5,6a6a63d1f70dd59f384067fb,false,false,Wed Jul 29 2026 20:34:25 GMT+0000 (Coordinated Universal Time),Wed Jul 29 2026 20:34:25 GMT+0000 (Coordinated Universal Time),Thu Aug 06 2026 02:00:25 GMT+0000 (Coordinated Universal Time),
Pita,pita,635dadd677408d33e47a93fc,653ad7e5e882f528b34b59f5,6a6a63d1f70dd59f384067fd,false,false,Wed Jul 29 2026 20:34:25 GMT+0000 (Coordinated Universal Time),Wed Jul 29 2026 20:34:25 GMT+0000 (Coordinated Universal Time),Thu Aug 06 2026 02:00:25 GMT+0000 (Coordinated Universal Time),
Pitted Black Olives,pitted-black-olives,635dadd677408d33e47a93fc,653ad7e5e882f528b34b59f5,6a6a63d1f70dd59f384067ff,false,false,Wed Jul 29 2026 20:34:25 GMT+0000 (Coordinated Universal Time),Wed Jul 29 2026 20:34:25 GMT+0000 (Coordinated Universal Time),Thu Aug 06 2026 02:00:25 GMT+0000 (Coordinated Universal Time),
Pitted Green Olives,pitted-green-olives,635dadd677408d33e47a93fc,653ad7e5e882f528b34b59f5,6a6a63d1f70dd59f38406801,false,false,Wed Jul 29 2026 20:34:25 GMT+0000 (Coordinated Universal Time),Wed Jul 29 2026 20:34:25 GMT+0000 (Coordinated Universal Time),Thu Aug 06 2026 02:00:25 GMT+0000 (Coordinated Universal Time),
Pitted Kalamata Olives,pitted-kalamata-olives,635dadd677408d33e47a93fc,653ad7e5e882f528b34b59f5,6a6a63d1f70dd59f38406803,false,false,Wed Jul 29 2026 20:34:25 GMT+0000 (Coordinated Universal Time),Wed Jul 29 2026 20:34:25 GMT+0000 (Coordinated Universal Time),Thu Aug 06 2026 02:00:25 GMT+0000 (Coordinated Universal Time),
Pizza Sauce,pizza-sauce,635dadd677408d33e47a93fc,653ad7e5e882f528b34b59f5,6a6a63d1f70dd59f38406805,false,false,Wed Jul 29 2026 20:34:25 GMT+0000 (Coordinated Universal Time),Wed Jul 29 2026 20:34:25 GMT+0000 (Coordinated Universal Time),Thu Aug 06 2026 02:00:25 GMT+0000 (Coordinated Universal Time),
Plant-based Mayo,plant-based-mayo,635dadd677408d33e47a93fc,653ad7e5e882f528b34b59f5,6a6a63d1f70dd59f38406807,false,false,Wed Jul 29 2026 20:34:25 GMT+0000 (Coordinated Universal Time),Wed Jul 29 2026 20:34:25 GMT+0000 (Coordinated Universal Time),Thu Aug 06 2026 02:00:25 GMT+0000 (Coordinated Universal Time),
Plant-based Milk,plant-based-milk,635dadd677408d33e47a93fc,653ad7e5e882f528b34b59f5,6a6a63d1f70dd59f38406809,false,false,Wed Jul 29 2026 20:34:25 GMT+0000 (Coordinated Universal Time),Wed Jul 29 2026 20:34:25 GMT+0000 (Coordinated Universal Time),Thu Aug 06 2026 02:00:25 GMT+0000 (Coordinated Universal Time),
Rotini,rotini,635dadd677408d33e47a93fc,653ad7e5e882f528b34b59f5,6a6a63deec381c359c5f4c83,false,false,Wed Jul 29 2026 20:34:38 GMT+0000 (Coordinated Universal Time),Wed Jul 29 2026 20:34:38 GMT+0000 (Coordinated Universal Time),Thu Aug 06 2026 02:00:25 GMT+0000 (Coordinated Universal Time),
Salsa,salsa,635dadd677408d33e47a93fc,653ad7e5e882f528b34b59f5,6a6a63deec381c359c5f4c85,false,false,Wed Jul 29 2026 20:34:38 GMT+0000 (Coordinated Universal Time),Wed Jul 29 2026 20:34:38 GMT+0000 (Coordinated Universal Time),Thu Aug 06 2026 02:00:25 GMT+0000 (Coordinated Universal Time),
Sauerkraut,sauerkraut,635dadd677408d33e47a93fc,653ad7e5e882f528b34b59f5,6a6a63deec381c359c5f4c87,false,false,Wed Jul 29 2026 20:34:38 GMT+0000 (Coordinated Universal Time),Wed Jul 29 2026 20:34:38 GMT+0000 (Coordinated Universal Time),Thu Aug 06 2026 02:00:25 GMT+0000 (Coordinated Universal Time),
Scramble Spice,scramble-spice,635dadd677408d33e47a93fc,653ad7e5e882f528b34b59f5,6a6a63deec381c359c5f4c89,false,false,Wed Jul 29 2026 20:34:38 GMT+0000 (Coordinated Universal Time),Wed Jul 29 2026 20:34:38 GMT+0000 (Coordinated Universal Time),Thu Aug 06 2026 02:00:25 GMT+0000 (Coordinated Universal Time),
Seitan,seitan,635dadd677408d33e47a93fc,653ad7e5e882f528b34b59f5,6a6a63deec381c359c5f4c8b,false,false,Wed Jul 29 2026 20:34:38 GMT+0000 (Coordinated Universal Time),Wed Jul 29 2026 20:34:38 GMT+0000 (Coordinated Universal Time),Thu Aug 06 2026 02:00:25 GMT+0000 (Coordinated Universal Time),
Sesame Oil,sesame-oil,635dadd677408d33e47a93fc,653ad7e5e882f528b34b59f5,6a6a63deec381c359c5f4c8d,false,false,Wed Jul 29 2026 20:34:38 GMT+0000 (Coordinated Universal Time),Wed Jul 29 2026 20:34:38 GMT+0000 (Coordinated Universal Time),Thu Aug 06 2026 02:00:25 GMT+0000 (Coordinated Universal Time),
Shelled Edamame,shelled-edamame,635dadd677408d33e47a93fc,653ad7e5e882f528b34b59f5,6a6a63deec381c359c5f4c8f,false,false,Wed Jul 29 2026 20:34:38 GMT+0000 (Coordinated Universal Time),Wed Jul 29 2026 20:34:38 GMT+0000 (Coordinated Universal Time),Thu Aug 06 2026 02:00:25 GMT+0000 (Coordinated Universal Time),
Shortbread Crust,shortbread-crust,635dadd677408d33e47a93fc,653ad7e5e882f528b34b59f5,6a6a63deec381c359c5f4c91,false,false,Wed Jul 29 2026 20:34:38 GMT+0000 (Coordinated Universal Time),Wed Jul 29 2026 20:34:38 GMT+0000 (Coordinated Universal Time),Thu Aug 06 2026 02:00:25 GMT+0000 (Coordinated Universal Time),
Sichuan Chili Flakes,sichuan-chili-flakes,635dadd677408d33e47a93fc,653ad7e5e882f528b34b59f5,6a6a63deec381c359c5f4c93,false,false,Wed Jul 29 2026 20:34:38 GMT+0000 (Coordinated Universal Time),Wed Jul 29 2026 20:34:38 GMT+0000 (Coordinated Universal Time),Thu Aug 06 2026 02:00:25 GMT+0000 (Coordinated Universal Time),
Sichuan Peppercorns,sichuan-peppercorns,635dadd677408d33e47a93fc,653ad7e5e882f528b34b59f5,6a6a63deec381c359c5f4c95,false,false,Wed Jul 29 2026 20:34:38 GMT+0000 (Coordinated Universal Time),Wed Jul 29 2026 20:34:38 GMT+0000 (Coordinated Universal Time),Thu Aug 06 2026 02:00:25 GMT+0000 (Coordinated Universal Time),
Simple Syrup,simple-syrup,635dadd677408d33e47a93fc,653ad7e5e882f528b34b59f5,6a6a63deec381c359c5f4cee,false,false,Wed Jul 29 2026 20:34:38 GMT+0000 (Coordinated Universal Time),Wed Jul 29 2026 20:34:38 GMT+0000 (Coordinated Universal Time),Thu Aug 06 2026 02:00:25 GMT+0000 (Coordinated Universal Time),
Slider Buns,slider-buns,635dadd677408d33e47a93fc,653ad7e5e882f528b34b59f5,6a6a63deec381c359c5f4cf0,false,false,Wed Jul 29 2026 20:34:38 GMT+0000 (Coordinated Universal Time),Wed Jul 29 2026 20:34:38 GMT+0000 (Coordinated Universal Time),Thu Aug 06 2026 02:00:25 GMT+0000 (Coordinated Universal Time),
Soba Noodles,soba-noodles,635dadd677408d33e47a93fc,653ad7e5e882f528b34b59f5,6a6a63deec381c359c5f4cf2,false,false,Wed Jul 29 2026 20:34:38 GMT+0000 (Coordinated Universal Time),Wed Jul 29 2026 20:34:38 GMT+0000 (Coordinated Universal Time),Thu Aug 06 2026 02:00:25 GMT+0000 (Coordinated Universal Time),
Soft-boiled,soft-boiled,635dadd677408d33e47a93fc,653ad7e5e882f528b34b59f5,6a6a63deec381c359c5f4cf4,false,false,Wed Jul 29 2026 20:34:38 GMT+0000 (Coordinated Universal Time),Wed Jul 29 2026 20:34:38 GMT+0000 (Coordinated Universal Time),Thu Aug 06 2026 02:00:25 GMT+0000 (Coordinated Universal Time),
Sour Cream,sour-cream,635dadd677408d33e47a93fc,653ad7e5e882f528b34b59f5,6a6a63deec381c359c5f4cf6,false,false,Wed Jul 29 2026 20:34:38 GMT+0000 (Coordinated Universal Time),Wed Jul 29 2026 20:34:38 GMT+0000 (Coordinated Universal Time),Thu Aug 06 2026 02:00:25 GMT+0000 (Coordinated Universal Time),
Sourdough,sourdough,635dadd677408d33e47a93fc,653ad7e5e882f528b34b59f5,6a6a63deec381c359c5f4cf8,false,false,Wed Jul 29 2026 20:34:38 GMT+0000 (Coordinated Universal Time),Wed Jul 29 2026 20:34:38 GMT+0000 (Coordinated Universal Time),Thu Aug 06 2026 02:00:25 GMT+0000 (Coordinated Universal Time),
Sourdough Starter,sourdough-starter,635dadd677408d33e47a93fc,653ad7e5e882f528b34b59f5,6a6a63deec381c359c5f4cfa,false,false,Wed Jul 29 2026 20:34:38 GMT+0000 (Coordinated Universal Time),Wed Jul 29 2026 20:34:38 GMT+0000 (Coordinated Universal Time),Thu Aug 06 2026 02:00:25 GMT+0000 (Coordinated Universal Time),
Soy Curls,soy-curls,635dadd677408d33e47a93fc,653ad7e5e882f528b34b59f5,6a6a63deec381c359c5f4cfc,false,false,Wed Jul 29 2026 20:34:38 GMT+0000 (Coordinated Universal Time),Wed Jul 29 2026 20:34:38 GMT+0000 (Coordinated Universal Time),Thu Aug 06 2026 02:00:25 GMT+0000 (Coordinated Universal Time),
Soy Sauce,soy-sauce,635dadd677408d33e47a93fc,653ad7e5e882f528b34b59f5,6a6a63deec381c359c5f4cfe,false,false,Wed Jul 29 2026 20:34:38 GMT+0000 (Coordinated Universal Time),Wed Jul 29 2026 20:34:38 GMT+0000 (Coordinated Universal Time),Thu Aug 06 2026 02:00:25 GMT+0000 (Coordinated Universal Time),
Soybeans,soybeans,635dadd677408d33e47a93fc,653ad7e5e882f528b34b59f5,6a6a63deec381c359c5f4d00,false,false,Wed Jul 29 2026 20:34:38 GMT+0000 (Coordinated Universal Time),Wed Jul 29 2026 20:34:38 GMT+0000 (Coordinated Universal Time),Thu Aug 06 2026 02:00:25 GMT+0000 (Coordinated Universal Time),
Sparkling Water,sparkling-water,635dadd677408d33e47a93fc,653ad7e5e882f528b34b59f5,6a6a63ec0dd6cebb6a294dc2,false,false,Wed Jul 29 2026 20:34:52 GMT+0000 (Coordinated Universal Time),Wed Jul 29 2026 20:34:52 GMT+0000 (Coordinated Universal Time),Thu Aug 06 2026 02:00:25 GMT+0000 (Coordinated Universal Time),
Sprinkles,sprinkles,635dadd677408d33e47a93fc,653ad7e5e882f528b34b59f5,6a6a63ec0dd6cebb6a294dc4,false,false,Wed Jul 29 2026 20:34:52 GMT+0000 (Coordinated Universal Time),Wed Jul 29 2026 20:34:52 GMT+0000 (Coordinated Universal Time),Thu Aug 06 2026 02:00:25 GMT+0000 (Coordinated Universal Time),
Sriracha,sriracha,635dadd677408d33e47a93fc,653ad7e5e882f528b34b59f5,6a6a63ec0dd6cebb6a294dc6,false,false,Wed Jul 29 2026 20:34:52 GMT+0000 (Coordinated Universal Time),Wed Jul 29 2026 20:34:52 GMT+0000 (Coordinated Universal Time),Thu Aug 06 2026 02:00:25 GMT+0000 (Coordinated Universal Time),
Star Anise,star-anise,635dadd677408d33e47a93fc,653ad7e5e882f528b34b59f5,6a6a63ec0dd6cebb6a294dc8,false,false,Wed Jul 29 2026 20:34:52 GMT+0000 (Coordinated Universal Time),Wed Jul 29 2026 20:34:52 GMT+0000 (Coordinated Universal Time),Thu Aug 06 2026 02:00:25 GMT+0000 (Coordinated Universal Time),
Strong Espresso,strong-espresso,635dadd677408d33e47a93fc,653ad7e5e882f528b34b59f5,6a6a63ec0dd6cebb6a294dca,false,false,Wed Jul 29 2026 20:34:52 GMT+0000 (Coordinated Universal Time),Wed Jul 29 2026 20:34:52 GMT+0000 (Coordinated Universal Time),Thu Aug 06 2026 02:00:25 GMT+0000 (Coordinated Universal Time),
Sumac,sumac,635dadd677408d33e47a93fc,653ad7e5e882f528b34b59f5,6a6a63ec0dd6cebb6a294dcc,false,false,Wed Jul 29 2026 20:34:52 GMT+0000 (Coordinated Universal Time),Wed Jul 29 2026 20:34:52 GMT+0000 (Coordinated Universal Time),Thu Aug 06 2026 02:00:25 GMT+0000 (Coordinated Universal Time),
Sweet Paprika,sweet-paprika,635dadd677408d33e47a93fc,653ad7e5e882f528b34b59f5,6a6a63ec0dd6cebb6a294dce,false,false,Wed Jul 29 2026 20:34:52 GMT+0000 (Coordinated Universal Time),Wed Jul 29 2026 20:34:52 GMT+0000 (Coordinated Universal Time),Thu Aug 06 2026 02:00:25 GMT+0000 (Coordinated Universal Time),
Taco Seasoning,taco-seasoning,635dadd677408d33e47a93fc,653ad7e5e882f528b34b59f5,6a6a63ec0dd6cebb6a294dd0,false,false,Wed Jul 29 2026 20:34:52 GMT+0000 (Coordinated Universal Time),Wed Jul 29 2026 20:34:52 GMT+0000 (Coordinated Universal Time),Thu Aug 06 2026 02:00:25 GMT+0000 (Coordinated Universal Time),
Tagliatelle,tagliatelle,635dadd677408d33e47a93fc,653ad7e5e882f528b34b59f5,6a6a63ec0dd6cebb6a294dd2,false,false,Wed Jul 29 2026 20:34:52 GMT+0000 (Coordinated Universal Time),Wed Jul 29 2026 20:34:52 GMT+0000 (Coordinated Universal Time),Thu Aug 06 2026 02:00:25 GMT+0000 (Coordinated Universal Time),
Tamari,tamari,635dadd677408d33e47a93fc,653ad7e5e882f528b34b59f5,6a6a63ec0dd6cebb6a294dd4,false,false,Wed Jul 29 2026 20:34:52 GMT+0000 (Coordinated Universal Time),Wed Jul 29 2026 20:34:52 GMT+0000 (Coordinated Universal Time),Thu Aug 06 2026 02:00:25 GMT+0000 (Coordinated Universal Time),
Tamarind Paste,tamarind-paste,635dadd677408d33e47a93fc,653ad7e5e882f528b34b59f5,6a6a63ede478a3a202d08720,false,false,Wed Jul 29 2026 20:34:53 GMT+0000 (Coordinated Universal Time),Wed Jul 29 2026 20:34:53 GMT+0000 (Coordinated Universal Time),Thu Aug 06 2026 02:00:25 GMT+0000 (Coordinated Universal Time),
Tangerines,tangerines,635dadd677408d33e47a93fc,653ad7e5e882f528b34b59f5,6a6a63ede478a3a202d08722,false,false,Wed Jul 29 2026 20:34:53 GMT+0000 (Coordinated Universal Time),Wed Jul 29 2026 20:34:53 GMT+0000 (Coordinated Universal Time),Thu Aug 06 2026 02:00:25 GMT+0000 (Coordinated Universal Time),
Tapioca Starch,tapioca-starch,635dadd677408d33e47a93fc,653ad7e5e882f528b34b59f5,6a6a63ede478a3a202d08724,false,false,Wed Jul 29 2026 20:34:53 GMT+0000 (Coordinated Universal Time),Wed Jul 29 2026 20:34:53 GMT+0000 (Coordinated Universal Time),Thu Aug 06 2026 02:00:25 GMT+0000 (Coordinated Universal Time),
Teriyaki Sauce,teriyaki-sauce,635dadd677408d33e47a93fc,653ad7e5e882f528b34b59f5,6a6a63ede478a3a202d08726,false,false,Wed Jul 29 2026 20:34:53 GMT+0000 (Coordinated Universal Time),Wed Jul 29 2026 20:34:53 GMT+0000 (Coordinated Universal Time),Thu Aug 06 2026 02:00:25 GMT+0000 (Coordinated Universal Time),
Thai Chilies,thai-chilies,635dadd677408d33e47a93fc,653ad7e5e882f528b34b59f5,6a6a63ede478a3a202d08728,false,false,Wed Jul 29 2026 20:34:53 GMT+0000 (Coordinated Universal Time),Wed Jul 29 2026 20:34:53 GMT+0000 (Coordinated Universal Time),Thu Aug 06 2026 02:00:25 GMT+0000 (Coordinated Universal Time),
Turmeric,turmeric,635dadd677408d33e47a93fc,653ad7e5e882f528b34b59f5,6a6a63ede478a3a202d0872a,false,false,Wed Jul 29 2026 20:34:53 GMT+0000 (Coordinated Universal Time),Wed Jul 29 2026 20:34:53 GMT+0000 (Coordinated Universal Time),Thu Aug 06 2026 02:00:25 GMT+0000 (Coordinated Universal Time),
Turmeric Powder,turmeric-powder,635dadd677408d33e47a93fc,653ad7e5e882f528b34b59f5,6a6a63ede478a3a202d0872c,false,false,Wed Jul 29 2026 20:34:53 GMT+0000 (Coordinated Universal Time),Wed Jul 29 2026 20:34:53 GMT+0000 (Coordinated Universal Time),Thu Aug 06 2026 02:00:25 GMT+0000 (Coordinated Universal Time),
Udon Noodles,udon-noodles,635dadd677408d33e47a93fc,653ad7e5e882f528b34b59f5,6a6a63ede478a3a202d0872e,false,false,Wed Jul 29 2026 20:34:53 GMT+0000 (Coordinated Universal Time),Wed Jul 29 2026 20:34:53 GMT+0000 (Coordinated Universal Time),Thu Aug 06 2026 02:00:25 GMT+0000 (Coordinated Universal Time),
Vanilla,vanilla,635dadd677408d33e47a93fc,653ad7e5e882f528b34b59f5,6a6a63ede478a3a202d08730,false,false,Wed Jul 29 2026 20:34:53 GMT+0000 (Coordinated Universal Time),Wed Jul 29 2026 20:34:53 GMT+0000 (Coordinated Universal Time),Thu Aug 06 2026 02:00:25 GMT+0000 (Coordinated Universal Time),
Vanilla Powder,vanilla-powder,635dadd677408d33e47a93fc,653ad7e5e882f528b34b59f5,6a6a63ede478a3a202d08732,false,false,Wed Jul 29 2026 20:34:53 GMT+0000 (Coordinated Universal Time),Wed Jul 29 2026 20:34:53 GMT+0000 (Coordinated Universal Time),Thu Aug 06 2026 02:00:25 GMT+0000 (Coordinated Universal Time),
Vegan Pie Crust,vegan-pie-crust-2,635dadd677408d33e47a93fc,653ad7e5e882f528b34b59f5,6a6a63f64483d074ae9fe82a,false,false,Wed Jul 29 2026 20:35:02 GMT+0000 (Coordinated Universal Time),Wed Jul 29 2026 20:35:02 GMT+0000 (Coordinated Universal Time),Thu Aug 06 2026 02:00:25 GMT+0000 (Coordinated Universal Time),
Vegan Protein Powder,vegan-protein-powder,635dadd677408d33e47a93fc,653ad7e5e882f528b34b59f5,6a6a63f64483d074ae9fe82c,false,false,Wed Jul 29 2026 20:35:02 GMT+0000 (Coordinated Universal Time),Wed Jul 29 2026 20:35:02 GMT+0000 (Coordinated Universal Time),Thu Aug 06 2026 02:00:25 GMT+0000 (Coordinated Universal Time),
Vegan Provolone Cheese,vegan-provolone-cheese,635dadd677408d33e47a93fc,653ad7e5e882f528b34b59f5,6a6a63f64483d074ae9fe82e,false,false,Wed Jul 29 2026 20:35:02 GMT+0000 (Coordinated Universal Time),Wed Jul 29 2026 20:35:02 GMT+0000 (Coordinated Universal Time),Thu Aug 06 2026 02:00:25 GMT+0000 (Coordinated Universal Time),
Vegan Ricotta,vegan-ricotta,635dadd677408d33e47a93fc,653ad7e5e882f528b34b59f5,6a6a63f64483d074ae9fe830,false,false,Wed Jul 29 2026 20:35:02 GMT+0000 (Coordinated Universal Time),Wed Jul 29 2026 20:35:02 GMT+0000 (Coordinated Universal Time),Thu Aug 06 2026 02:00:25 GMT+0000 (Coordinated Universal Time),
Vegan Salami,vegan-salami,635dadd677408d33e47a93fc,653ad7e5e882f528b34b59f5,6a6a63f64483d074ae9fe832,false,false,Wed Jul 29 2026 20:35:02 GMT+0000 (Coordinated Universal Time),Wed Jul 29 2026 20:35:02 GMT+0000 (Coordinated Universal Time),Thu Aug 06 2026 02:00:25 GMT+0000 (Coordinated Universal Time),
Vegan Sausage Patties,vegan-sausage-patties,635dadd677408d33e47a93fc,653ad7e5e882f528b34b59f5,6a6a63f64483d074ae9fe834,false,false,Wed Jul 29 2026 20:35:02 GMT+0000 (Coordinated Universal Time),Wed Jul 29 2026 20:35:02 GMT+0000 (Coordinated Universal Time),Thu Aug 06 2026 02:00:25 GMT+0000 (Coordinated Universal Time),
Vegan Swiss Cheese,vegan-swiss-cheese,635dadd677408d33e47a93fc,653ad7e5e882f528b34b59f5,6a6a63f64483d074ae9fe836,false,false,Wed Jul 29 2026 20:35:02 GMT+0000 (Coordinated Universal Time),Wed Jul 29 2026 20:35:02 GMT+0000 (Coordinated Universal Time),Thu Aug 06 2026 02:00:25 GMT+0000 (Coordinated Universal Time),
Vegan Turkey,vegan-turkey,635dadd677408d33e47a93fc,653ad7e5e882f528b34b59f5,6a6a63f64483d074ae9fe838,false,false,Wed Jul 29 2026 20:35:02 GMT+0000 (Coordinated Universal Time),Wed Jul 29 2026 20:35:02 GMT+0000 (Coordinated Universal Time),Thu Aug 06 2026 02:00:25 GMT+0000 (Coordinated Universal Time),
Vegan Tzatziki,vegan-tzatziki,635dadd677408d33e47a93fc,653ad7e5e882f528b34b59f5,6a6a63f64483d074ae9fe83a,false,false,Wed Jul 29 2026 20:35:02 GMT+0000 (Coordinated Universal Time),Wed Jul 29 2026 20:35:02 GMT+0000 (Coordinated Universal Time),Thu Aug 06 2026 02:00:25 GMT+0000 (Coordinated Universal Time),
Vegan Whipped Cream,vegan-whipped-cream,635dadd677408d33e47a93fc,653ad7e5e882f528b34b59f5,6a6a63f64483d074ae9fe83c,false,false,Wed Jul 29 2026 20:35:02 GMT+0000 (Coordinated Universal Time),Wed Jul 29 2026 20:35:02 GMT+0000 (Coordinated Universal Time),Thu Aug 06 2026 02:00:25 GMT+0000 (Coordinated Universal Time),
Vegan Buttermilk,vegan-buttermilk,635dadd677408d33e47a93fc,653ad7e5e882f528b34b59f5,6a6a63f6ec381c359c5f5641,false,false,Wed Jul 29 2026 20:35:02 GMT+0000 (Coordinated Universal Time),Wed Jul 29 2026 20:35:02 GMT+0000 (Coordinated Universal Time),Thu Aug 06 2026 02:00:25 GMT+0000 (Coordinated Universal Time),
Vegan Cheddar Cheese,vegan-cheddar-cheese,635dadd677408d33e47a93fc,653ad7e5e882f528b34b59f5,6a6a63f6ec381c359c5f5643,false,false,Wed Jul 29 2026 20:35:02 GMT+0000 (Coordinated Universal Time),Wed Jul 29 2026 20:35:02 GMT+0000 (Coordinated Universal Time),Thu Aug 06 2026 02:00:25 GMT+0000 (Coordinated Universal Time),
Vegan Clotted Cream,vegan-clotted-cream,635dadd677408d33e47a93fc,653ad7e5e882f528b34b59f5,6a6a63f6ec381c359c5f5645,false,false,Wed Jul 29 2026 20:35:02 GMT+0000 (Coordinated Universal Time),Wed Jul 29 2026 20:35:02 GMT+0000 (Coordinated Universal Time),Thu Aug 06 2026 02:00:25 GMT+0000 (Coordinated Universal Time),
Vegan Crema,vegan-crema,635dadd677408d33e47a93fc,653ad7e5e882f528b34b59f5,6a6a63f6ec381c359c5f5647,false,false,Wed Jul 29 2026 20:35:02 GMT+0000 (Coordinated Universal Time),Wed Jul 29 2026 20:35:02 GMT+0000 (Coordinated Universal Time),Thu Aug 06 2026 02:00:25 GMT+0000 (Coordinated Universal Time),
Vegan Croissants,vegan-croissants,635dadd677408d33e47a93fc,653ad7e5e882f528b34b59f5,6a6a63f6ec381c359c5f5649,false,false,Wed Jul 29 2026 20:35:02 GMT+0000 (Coordinated Universal Time),Wed Jul 29 2026 20:35:02 GMT+0000 (Coordinated Universal Time),Thu Aug 06 2026 02:00:25 GMT+0000 (Coordinated Universal Time),
Vegan Deli Ham,vegan-deli-ham,635dadd677408d33e47a93fc,653ad7e5e882f528b34b59f5,6a6a63f6ec381c359c5f564b,false,false,Wed Jul 29 2026 20:35:02 GMT+0000 (Coordinated Universal Time),Wed Jul 29 2026 20:35:02 GMT+0000 (Coordinated Universal Time),Thu Aug 06 2026 02:00:25 GMT+0000 (Coordinated Universal Time),
Vegan Mayo,vegan-mayo,635dadd677408d33e47a93fc,653ad7e5e882f528b34b59f5,6a6a63f6ec381c359c5f564d,false,false,Wed Jul 29 2026 20:35:02 GMT+0000 (Coordinated Universal Time),Wed Jul 29 2026 20:35:02 GMT+0000 (Coordinated Universal Time),Thu Aug 06 2026 02:00:25 GMT+0000 (Coordinated Universal Time),
Vegan Meat Crumbles,vegan-meat-crumbles,635dadd677408d33e47a93fc,653ad7e5e882f528b34b59f5,6a6a63f6ec381c359c5f564f,false,false,Wed Jul 29 2026 20:35:02 GMT+0000 (Coordinated Universal Time),Wed Jul 29 2026 20:35:02 GMT+0000 (Coordinated Universal Time),Thu Aug 06 2026 02:00:25 GMT+0000 (Coordinated Universal Time),
Vegan Mortadella,vegan-mortadella,635dadd677408d33e47a93fc,653ad7e5e882f528b34b59f5,6a6a63f6ec381c359c5f5651,false,false,Wed Jul 29 2026 20:35:02 GMT+0000 (Coordinated Universal Time),Wed Jul 29 2026 20:35:02 GMT+0000 (Coordinated Universal Time),Thu Aug 06 2026 02:00:25 GMT+0000 (Coordinated Universal Time),
Vegan Mozzarella,vegan-mozzarella,635dadd677408d33e47a93fc,653ad7e5e882f528b34b59f5,6a6a63f6ec381c359c5f5653,false,false,Wed Jul 29 2026 20:35:02 GMT+0000 (Coordinated Universal Time),Wed Jul 29 2026 20:35:02 GMT+0000 (Coordinated Universal Time),Thu Aug 06 2026 02:00:25 GMT+0000 (Coordinated Universal Time),
Vegan Wonton Wrappers,vegan-wonton-wrappers,635dadd677408d33e47a93fc,653ad7e5e882f528b34b59f5,6a6a63ffc61e75c92f762f14,false,false,Wed Jul 29 2026 20:35:11 GMT+0000 (Coordinated Universal Time),Wed Jul 29 2026 20:35:11 GMT+0000 (Coordinated Universal Time),Thu Aug 06 2026 02:00:25 GMT+0000 (Coordinated Universal Time),
Vegan Worcestershire Sauce,vegan-worcestershire-sauce,635dadd677408d33e47a93fc,653ad7e5e882f528b34b59f5,6a6a63ffc61e75c92f762f16,false,false,Wed Jul 29 2026 20:35:11 GMT+0000 (Coordinated Universal Time),Wed Jul 29 2026 20:35:11 GMT+0000 (Coordinated Universal Time),Thu Aug 06 2026 02:00:25 GMT+0000 (Coordinated Universal Time),
Vegetable Oil,vegetable-oil,635dadd677408d33e47a93fc,653ad7e5e882f528b34b59f5,6a6a63ffc61e75c92f762f18,false,false,Wed Jul 29 2026 20:35:11 GMT+0000 (Coordinated Universal Time),Wed Jul 29 2026 20:35:11 GMT+0000 (Coordinated Universal Time),Thu Aug 06 2026 02:00:25 GMT+0000 (Coordinated Universal Time),
Vegetable Stock,vegetable-stock,635dadd677408d33e47a93fc,653ad7e5e882f528b34b59f5,6a6a63ffc61e75c92f762f1a,false,false,Wed Jul 29 2026 20:35:11 GMT+0000 (Coordinated Universal Time),Wed Jul 29 2026 20:35:11 GMT+0000 (Coordinated Universal Time),Thu Aug 06 2026 02:00:25 GMT+0000 (Coordinated Universal Time),
Vietnamese Baguettes,vietnamese-baguettes,635dadd677408d33e47a93fc,653ad7e5e882f528b34b59f5,6a6a63ffc61e75c92f762f1c,false,false,Wed Jul 29 2026 20:35:11 GMT+0000 (Coordinated Universal Time),Wed Jul 29 2026 20:35:11 GMT+0000 (Coordinated Universal Time),Thu Aug 06 2026 02:00:25 GMT+0000 (Coordinated Universal Time),
Vinegar,vinegar,635dadd677408d33e47a93fc,653ad7e5e882f528b34b59f5,6a6a63ffc61e75c92f762f1e,false,false,Wed Jul 29 2026 20:35:11 GMT+0000 (Coordinated Universal Time),Wed Jul 29 2026 20:35:11 GMT+0000 (Coordinated Universal Time),Thu Aug 06 2026 02:00:25 GMT+0000 (Coordinated Universal Time),
Vital Wheat Gluten,vital-wheat-gluten,635dadd677408d33e47a93fc,653ad7e5e882f528b34b59f5,6a6a63ffc61e75c92f762f20,false,false,Wed Jul 29 2026 20:35:11 GMT+0000 (Coordinated Universal Time),Wed Jul 29 2026 20:35:11 GMT+0000 (Coordinated Universal Time),Thu Aug 06 2026 02:00:25 GMT+0000 (Coordinated Universal Time),
Vodka,vodka,635dadd677408d33e47a93fc,653ad7e5e882f528b34b59f5,6a6a63ffc61e75c92f762f22,false,false,Wed Jul 29 2026 20:35:11 GMT+0000 (Coordinated Universal Time),Wed Jul 29 2026 20:35:11 GMT+0000 (Coordinated Universal Time),Thu Aug 06 2026 02:00:25 GMT+0000 (Coordinated Universal Time),
Wasabi,wasabi,635dadd677408d33e47a93fc,653ad7e5e882f528b34b59f5,6a6a6400ac0ab691a40225b5,false,false,Wed Jul 29 2026 20:35:12 GMT+0000 (Coordinated Universal Time),Wed Jul 29 2026 20:35:12 GMT+0000 (Coordinated Universal Time),Thu Aug 06 2026 02:00:25 GMT+0000 (Coordinated Universal Time),
Water Chestnuts,water-chestnuts,635dadd677408d33e47a93fc,653ad7e5e882f528b34b59f5,6a6a6400ac0ab691a40225b7,false,false,Wed Jul 29 2026 20:35:12 GMT+0000 (Coordinated Universal Time),Wed Jul 29 2026 20:35:12 GMT+0000 (Coordinated Universal Time),Thu Aug 06 2026 02:00:25 GMT+0000 (Coordinated Universal Time),
Wheat Berries,wheat-berries,635dadd677408d33e47a93fc,653ad7e5e882f528b34b59f5,6a6a6400ac0ab691a40225b9,false,false,Wed Jul 29 2026 20:35:12 GMT+0000 (Coordinated Universal Time),Wed Jul 29 2026 20:35:12 GMT+0000 (Coordinated Universal Time),Thu Aug 06 2026 02:00:25 GMT+0000 (Coordinated Universal Time),
White Miso Paste,white-miso-paste,635dadd677408d33e47a93fc,653ad7e5e882f528b34b59f5,6a6a6400ac0ab691a40225bb,false,false,Wed Jul 29 2026 20:35:12 GMT+0000 (Coordinated Universal Time),Wed Jul 29 2026 20:35:12 GMT+0000 (Coordinated Universal Time),Thu Aug 06 2026 02:00:25 GMT+0000 (Coordinated Universal Time),
White Pepper,white-pepper,635dadd677408d33e47a93fc,653ad7e5e882f528b34b59f5,6a6a6400ac0ab691a40225bd,false,false,Wed Jul 29 2026 20:35:12 GMT+0000 (Coordinated Universal Time),Wed Jul 29 2026 20:35:12 GMT+0000 (Coordinated Universal Time),Thu Aug 06 2026 02:00:25 GMT+0000 (Coordinated Universal Time),
Worcestershire Sauce,worcestershire-sauce,635dadd677408d33e47a93fc,653ad7e5e882f528b34b59f5,6a6a6400ac0ab691a40225bf,false,false,Wed Jul 29 2026 20:35:12 GMT+0000 (Coordinated Universal Time),Wed Jul 29 2026 20:35:12 GMT+0000 (Coordinated Universal Time),Thu Aug 06 2026 02:00:25 GMT+0000 (Coordinated Universal Time),
Yellow Miso Paste,yellow-miso-paste,635dadd677408d33e47a93fc,653ad7e5e882f528b34b59f5,6a6a6400ac0ab691a40225c1,false,false,Wed Jul 29 2026 20:35:12 GMT+0000 (Coordinated Universal Time),Wed Jul 29 2026 20:35:12 GMT+0000 (Coordinated Universal Time),Thu Aug 06 2026 02:00:25 GMT+0000 (Coordinated Universal Time),
Yellow Mustard,yellow-mustard,635dadd677408d33e47a93fc,653ad7e5e882f528b34b59f5,6a6a6400ac0ab691a40225c3,false,false,Wed Jul 29 2026 20:35:12 GMT+0000 (Coordinated Universal Time),Wed Jul 29 2026 20:35:12 GMT+0000 (Coordinated Universal Time),Thu Aug 06 2026 02:00:25 GMT+0000 (Coordinated Universal Time),
Active Dry Yeast,active-dry-yeast-2541b,635dadd677408d33e47a93fc,653ad7e5e882f528b34b59f5,6a6a64dd7339b7f91bad9b9a,false,false,Wed Jul 29 2026 20:38:53 GMT+0000 (Coordinated Universal Time),Wed Jul 29 2026 20:38:53 GMT+0000 (Coordinated Universal Time),Thu Aug 06 2026 02:00:25 GMT+0000 (Coordinated Universal Time),
Active Starter,active-starter-479f5,635dadd677408d33e47a93fc,653ad7e5e882f528b34b59f5,6a6a64dd7339b7f91bad9b9c,false,false,Wed Jul 29 2026 20:38:53 GMT+0000 (Coordinated Universal Time),Wed Jul 29 2026 20:38:53 GMT+0000 (Coordinated Universal Time),Thu Aug 06 2026 02:00:25 GMT+0000 (Coordinated Universal Time),
Adobo Sauce,adobo-sauce-6ce70,635dadd677408d33e47a93fc,653ad7e5e882f528b34b59f5,6a6a64dd7339b7f91bad9b9e,false,false,Wed Jul 29 2026 20:38:53 GMT+0000 (Coordinated Universal Time),Wed Jul 29 2026 20:38:53 GMT+0000 (Coordinated Universal Time),Thu Aug 06 2026 02:00:25 GMT+0000 (Coordinated Universal Time),
Agar Agar Powder,agar-agar-powder-87b06,635dadd677408d33e47a93fc,653ad7e5e882f528b34b59f5,6a6a64dd7339b7f91bad9ba0,false,false,Wed Jul 29 2026 20:38:53 GMT+0000 (Coordinated Universal Time),Wed Jul 29 2026 20:38:53 GMT+0000 (Coordinated Universal Time),Thu Aug 06 2026 02:00:25 GMT+0000 (Coordinated Universal Time),
Agave,agave-f3c73,635dadd677408d33e47a93fc,653ad7e5e882f528b34b59f5,6a6a64dd7339b7f91bad9ba2,false,false,Wed Jul 29 2026 20:38:53 GMT+0000 (Coordinated Universal Time),Wed Jul 29 2026 20:38:53 GMT+0000 (Coordinated Universal Time),Thu Aug 06 2026 02:00:25 GMT+0000 (Coordinated Universal Time),
Ajwain,ajwain-310e8,635dadd677408d33e47a93fc,653ad7e5e882f528b34b59f5,6a6a64dd7339b7f91bad9ba4,false,false,Wed Jul 29 2026 20:38:53 GMT+0000 (Coordinated Universal Time),Wed Jul 29 2026 20:38:53 GMT+0000 (Coordinated Universal Time),Thu Aug 06 2026 02:00:25 GMT+0000 (Coordinated Universal Time),
Applesauce,applesauce-bab2c,635dadd677408d33e47a93fc,653ad7e5e882f528b34b59f5,6a6a64dd7339b7f91bad9ba6,false,false,Wed Jul 29 2026 20:38:53 GMT+0000 (Coordinated Universal Time),Wed Jul 29 2026 20:38:53 GMT+0000 (Coordinated Universal Time),Thu Aug 06 2026 02:00:25 GMT+0000 (Coordinated Universal Time),
Apricots,apricots-8a759,635dadd677408d33e47a93fc,653ad7e5e882f528b34b59f5,6a6a64dd7339b7f91bad9ba8,false,false,Wed Jul 29 2026 20:38:53 GMT+0000 (Coordinated Universal Time),Wed Jul 29 2026 20:38:53 GMT+0000 (Coordinated Universal Time),Thu Aug 06 2026 02:00:25 GMT+0000 (Coordinated Universal Time),
Aquafaba,aquafaba-695c2,635dadd677408d33e47a93fc,653ad7e5e882f528b34b59f5,6a6a64dd7339b7f91bad9baa,false,false,Wed Jul 29 2026 20:38:53 GMT+0000 (Coordinated Universal Time),Wed Jul 29 2026 20:38:53 GMT+0000 (Coordinated Universal Time),Thu Aug 06 2026 02:00:25 GMT+0000 (Coordinated Universal Time),
Arborio,arborio-1160c,635dadd677408d33e47a93fc,653ad7e5e882f528b34b59f5,6a6a64dd7339b7f91bad9bac,false,false,Wed Jul 29 2026 20:38:53 GMT+0000 (Coordinated Universal Time),Wed Jul 29 2026 20:38:53 GMT+0000 (Coordinated Universal Time),Thu Aug 06 2026 02:00:25 GMT+0000 (Coordinated Universal Time),
Arrowroot,arrowroot-baccc,635dadd677408d33e47a93fc,653ad7e5e882f528b34b59f5,6a6a64f33e82984693cf0dd9,false,false,Wed Jul 29 2026 20:39:15 GMT+0000 (Coordinated Universal Time),Wed Jul 29 2026 20:39:15 GMT+0000 (Coordinated Universal Time),Thu Aug 06 2026 02:00:25 GMT+0000 (Coordinated Universal Time),
Baby Bok Choy,baby-bok-choy-9237d,635dadd677408d33e47a93fc,653ad7e5e882f528b34b59f5,6a6a64f33e82984693cf0ddb,false,false,Wed Jul 29 2026 20:39:15 GMT+0000 (Coordinated Universal Time),Wed Jul 29 2026 20:39:15 GMT+0000 (Coordinated Universal Time),Thu Aug 06 2026 02:00:25 GMT+0000 (Coordinated Universal Time),
Baguette,baguette-90c02,635dadd677408d33e47a93fc,653ad7e5e882f528b34b59f5,6a6a64f33e82984693cf0ddd,false,false,Wed Jul 29 2026 20:39:15 GMT+0000 (Coordinated Universal Time),Wed Jul 29 2026 20:39:15 GMT+0000 (Coordinated Universal Time),Thu Aug 06 2026 02:00:25 GMT+0000 (Coordinated Universal Time),
Baking Powder,baking-powder-3e21e,635dadd677408d33e47a93fc,653ad7e5e882f528b34b59f5,6a6a64f33e82984693cf0ddf,false,false,Wed Jul 29 2026 20:39:15 GMT+0000 (Coordinated Universal Time),Wed Jul 29 2026 20:39:15 GMT+0000 (Coordinated Universal Time),Thu Aug 06 2026 02:00:25 GMT+0000 (Coordinated Universal Time),
Balsamic Glaze,balsamic-glaze-06664,635dadd677408d33e47a93fc,653ad7e5e882f528b34b59f5,6a6a64f33e82984693cf0de1,false,false,Wed Jul 29 2026 20:39:15 GMT+0000 (Coordinated Universal Time),Wed Jul 29 2026 20:39:15 GMT+0000 (Coordinated Universal Time),Thu Aug 06 2026 02:00:25 GMT+0000 (Coordinated Universal Time),
Balsamic Vinegar,balsamic-vinegar-f1af7,635dadd677408d33e47a93fc,653ad7e5e882f528b34b59f5,6a6a64f33e82984693cf0de3,false,false,Wed Jul 29 2026 20:39:15 GMT+0000 (Coordinated Universal Time),Wed Jul 29 2026 20:39:15 GMT+0000 (Coordinated Universal Time),Thu Aug 06 2026 02:00:25 GMT+0000 (Coordinated Universal Time),
Barbecue Sauce,barbecue-sauce-e8c3c,635dadd677408d33e47a93fc,653ad7e5e882f528b34b59f5,6a6a64f33e82984693cf0de5,false,false,Wed Jul 29 2026 20:39:15 GMT+0000 (Coordinated Universal Time),Wed Jul 29 2026 20:39:15 GMT+0000 (Coordinated Universal Time),Thu Aug 06 2026 02:00:25 GMT+0000 (Coordinated Universal Time),
Bay Leaves,bay-leaves-11d2a,635dadd677408d33e47a93fc,653ad7e5e882f528b34b59f5,6a6a64f33e82984693cf0de7,false,false,Wed Jul 29 2026 20:39:15 GMT+0000 (Coordinated Universal Time),Wed Jul 29 2026 20:39:15 GMT+0000 (Coordinated Universal Time),Thu Aug 06 2026 02:00:25 GMT+0000 (Coordinated Universal Time),
Berbere Spice Blend,berbere-spice-blend-af633,635dadd677408d33e47a93fc,653ad7e5e882f528b34b59f5,6a6a64f33e82984693cf0de9,false,false,Wed Jul 29 2026 20:39:15 GMT+0000 (Coordinated Universal Time),Wed Jul 29 2026 20:39:15 GMT+0000 (Coordinated Universal Time),Thu Aug 06 2026 02:00:25 GMT+0000 (Coordinated Universal Time),
Better Than Bouillon,better-than-bouillon-aa314,635dadd677408d33e47a93fc,653ad7e5e882f528b34b59f5,6a6a64f33e82984693cf0deb,false,false,Wed Jul 29 2026 20:39:15 GMT+0000 (Coordinated Universal Time),Wed Jul 29 2026 20:39:15 GMT+0000 (Coordinated Universal Time),Thu Aug 06 2026 02:00:25 GMT+0000 (Coordinated Universal Time),
Black Olives,black-olives-d6862,635dadd677408d33e47a93fc,653ad7e5e882f528b34b59f5,6a6a64f42a83c717f25005b9,false,false,Wed Jul 29 2026 20:39:16 GMT+0000 (Coordinated Universal Time),Wed Jul 29 2026 20:39:16 GMT+0000 (Coordinated Universal Time),Thu Aug 06 2026 02:00:25 GMT+0000 (Coordinated Universal Time),
Black Peppercorns,black-peppercorns-11607,635dadd677408d33e47a93fc,653ad7e5e882f528b34b59f5,6a6a64f42a83c717f25005bb,false,false,Wed Jul 29 2026 20:39:16 GMT+0000 (Coordinated Universal Time),Wed Jul 29 2026 20:39:16 GMT+0000 (Coordinated Universal Time),Thu Aug 06 2026 02:00:25 GMT+0000 (Coordinated Universal Time),
Black Vinegar,black-vinegar-4944e,635dadd677408d33e47a93fc,653ad7e5e882f528b34b59f5,6a6a64f42a83c717f25005bd,false,false,Wed Jul 29 2026 20:39:16 GMT+0000 (Coordinated Universal Time),Wed Jul 29 2026 20:39:16 GMT+0000 (Coordinated Universal Time),Thu Aug 06 2026 02:00:25 GMT+0000 (Coordinated Universal Time),
Blackberries,blackberries-bf289,635dadd677408d33e47a93fc,653ad7e5e882f528b34b59f5,6a6a64f42a83c717f25005bf,false,false,Wed Jul 29 2026 20:39:16 GMT+0000 (Coordinated Universal Time),Wed Jul 29 2026 20:39:16 GMT+0000 (Coordinated Universal Time),Thu Aug 06 2026 02:00:25 GMT+0000 (Coordinated Universal Time),
Bomba,bomba-5c3cf,635dadd677408d33e47a93fc,653ad7e5e882f528b34b59f5,6a6a64f42a83c717f25005c1,false,false,Wed Jul 29 2026 20:39:16 GMT+0000 (Coordinated Universal Time),Wed Jul 29 2026 20:39:16 GMT+0000 (Coordinated Universal Time),Thu Aug 06 2026 02:00:25 GMT+0000 (Coordinated Universal Time),
Bouillon Cube,bouillon-cube-f05f9,635dadd677408d33e47a93fc,653ad7e5e882f528b34b59f5,6a6a64f42a83c717f25005c3,false,false,Wed Jul 29 2026 20:39:16 GMT+0000 (Coordinated Universal Time),Wed Jul 29 2026 20:39:16 GMT+0000 (Coordinated Universal Time),Thu Aug 06 2026 02:00:25 GMT+0000 (Coordinated Universal Time),
Bourbon,bourbon-0023b,635dadd677408d33e47a93fc,653ad7e5e882f528b34b59f5,6a6a64f42a83c717f25005c5,false,false,Wed Jul 29 2026 20:39:16 GMT+0000 (Coordinated Universal Time),Wed Jul 29 2026 20:39:16 GMT+0000 (Coordinated Universal Time),Thu Aug 06 2026 02:00:25 GMT+0000 (Coordinated Universal Time),
Breadcrumbs,breadcrumbs-ecfe4,635dadd677408d33e47a93fc,653ad7e5e882f528b34b59f5,6a6a64f42a83c717f25005c7,false,false,Wed Jul 29 2026 20:39:16 GMT+0000 (Coordinated Universal Time),Wed Jul 29 2026 20:39:16 GMT+0000 (Coordinated Universal Time),Thu Aug 06 2026 02:00:25 GMT+0000 (Coordinated Universal Time),
Broccolini,broccolini-4788d,635dadd677408d33e47a93fc,653ad7e5e882f528b34b59f5,6a6a64f42a83c717f25005c9,false,false,Wed Jul 29 2026 20:39:16 GMT+0000 (Coordinated Universal Time),Wed Jul 29 2026 20:39:16 GMT+0000 (Coordinated Universal Time),Thu Aug 06 2026 02:00:25 GMT+0000 (Coordinated Universal Time),
Buffalo Sauce,buffalo-sauce-6a233,635dadd677408d33e47a93fc,653ad7e5e882f528b34b59f5,6a6a64f42a83c717f25005cb,false,false,Wed Jul 29 2026 20:39:16 GMT+0000 (Coordinated Universal Time),Wed Jul 29 2026 20:39:16 GMT+0000 (Coordinated Universal Time),Thu Aug 06 2026 02:00:25 GMT+0000 (Coordinated Universal Time),
Burger Buns,burger-buns-388e1,635dadd677408d33e47a93fc,653ad7e5e882f528b34b59f5,6a6a64f4f1cf3fae959de41a,false,false,Wed Jul 29 2026 20:39:16 GMT+0000 (Coordinated Universal Time),Wed Jul 29 2026 20:39:16 GMT+0000 (Coordinated Universal Time),Thu Aug 06 2026 02:00:25 GMT+0000 (Coordinated Universal Time),
Cannellini,cannellini-c8634,635dadd677408d33e47a93fc,653ad7e5e882f528b34b59f5,6a6a64f4f1cf3fae959de41c,false,false,Wed Jul 29 2026 20:39:16 GMT+0000 (Coordinated Universal Time),Wed Jul 29 2026 20:39:16 GMT+0000 (Coordinated Universal Time),Thu Aug 06 2026 02:00:25 GMT+0000 (Coordinated Universal Time),
Canola Oil,canola-oil-a2a1a,635dadd677408d33e47a93fc,653ad7e5e882f528b34b59f5,6a6a64f4f1cf3fae959de41e,false,false,Wed Jul 29 2026 20:39:16 GMT+0000 (Coordinated Universal Time),Wed Jul 29 2026 20:39:16 GMT+0000 (Coordinated Universal Time),Thu Aug 06 2026 02:00:25 GMT+0000 (Coordinated Universal Time),
Capers,capers-7a431,635dadd677408d33e47a93fc,653ad7e5e882f528b34b59f5,6a6a64f4f1cf3fae959de420,false,false,Wed Jul 29 2026 20:39:16 GMT+0000 (Coordinated Universal Time),Wed Jul 29 2026 20:39:16 GMT+0000 (Coordinated Universal Time),Thu Aug 06 2026 02:00:25 GMT+0000 (Coordinated Universal Time),
Caraway Seeds,caraway-seeds-0c452,635dadd677408d33e47a93fc,653ad7e5e882f528b34b59f5,6a6a64f4f1cf3fae959de422,false,false,Wed Jul 29 2026 20:39:16 GMT+0000 (Coordinated Universal Time),Wed Jul 29 2026 20:39:16 GMT+0000 (Coordinated Universal Time),Thu Aug 06 2026 02:00:25 GMT+0000 (Coordinated Universal Time),
Cardamom,cardamom-5eef1,635dadd677408d33e47a93fc,653ad7e5e882f528b34b59f5,6a6a64f4f1cf3fae959de424,false,false,Wed Jul 29 2026 20:39:16 GMT+0000 (Coordinated Universal Time),Wed Jul 29 2026 20:39:16 GMT+0000 (Coordinated Universal Time),Thu Aug 06 2026 02:00:25 GMT+0000 (Coordinated Universal Time),
Cayenne,cayenne-29751,635dadd677408d33e47a93fc,653ad7e5e882f528b34b59f5,6a6a64f4f1cf3fae959de426,false,false,Wed Jul 29 2026 20:39:16 GMT+0000 (Coordinated Universal Time),Wed Jul 29 2026 20:39:16 GMT+0000 (Coordinated Universal Time),Thu Aug 06 2026 02:00:25 GMT+0000 (Coordinated Universal Time),
Cayenne Pepper,cayenne-pepper-2a46e,635dadd677408d33e47a93fc,653ad7e5e882f528b34b59f5,6a6a64f4f1cf3fae959de428,false,false,Wed Jul 29 2026 20:39:16 GMT+0000 (Coordinated Universal Time),Wed Jul 29 2026 20:39:16 GMT+0000 (Coordinated Universal Time),Thu Aug 06 2026 02:00:25 GMT+0000 (Coordinated Universal Time),
Chamomile Tea,chamomile-tea-2a0a2,635dadd677408d33e47a93fc,653ad7e5e882f528b34b59f5,6a6a64f4f1cf3fae959de42a,false,false,Wed Jul 29 2026 20:39:16 GMT+0000 (Coordinated Universal Time),Wed Jul 29 2026 20:39:16 GMT+0000 (Coordinated Universal Time),Thu Aug 06 2026 02:00:25 GMT+0000 (Coordinated Universal Time),
Chili Crisp,chili-crisp-f8621,635dadd677408d33e47a93fc,653ad7e5e882f528b34b59f5,6a6a64f4f1cf3fae959de42c,false,false,Wed Jul 29 2026 20:39:16 GMT+0000 (Coordinated Universal Time),Wed Jul 29 2026 20:39:16 GMT+0000 (Coordinated Universal Time),Thu Aug 06 2026 02:00:25 GMT+0000 (Coordinated Universal Time),
Coconut,coconut-eeafe,635dadd677408d33e47a93fc,653ad7e5e882f528b34b59f5,6a6a6511c6021c7f7a6be4cc,false,false,Wed Jul 29 2026 20:39:45 GMT+0000 (Coordinated Universal Time),Wed Jul 29 2026 20:39:45 GMT+0000 (Coordinated Universal Time),Thu Aug 06 2026 02:00:25 GMT+0000 (Coordinated Universal Time),
Coconut Condensed Milk,coconut-condensed-milk-63f96,635dadd677408d33e47a93fc,653ad7e5e882f528b34b59f5,6a6a6511c6021c7f7a6be4ce,false,false,Wed Jul 29 2026 20:39:45 GMT+0000 (Coordinated Universal Time),Wed Jul 29 2026 20:39:45 GMT+0000 (Coordinated Universal Time),Thu Aug 06 2026 02:00:25 GMT+0000 (Coordinated Universal Time),
Coconut Flakes,coconut-flakes-0f5a4,635dadd677408d33e47a93fc,653ad7e5e882f528b34b59f5,6a6a6511c6021c7f7a6be4d0,false,false,Wed Jul 29 2026 20:39:45 GMT+0000 (Coordinated Universal Time),Wed Jul 29 2026 20:39:45 GMT+0000 (Coordinated Universal Time),Thu Aug 06 2026 02:00:25 GMT+0000 (Coordinated Universal Time),
Coconut Water,coconut-water-c668a,635dadd677408d33e47a93fc,653ad7e5e882f528b34b59f5,6a6a6511c6021c7f7a6be4d2,false,false,Wed Jul 29 2026 20:39:45 GMT+0000 (Coordinated Universal Time),Wed Jul 29 2026 20:39:45 GMT+0000 (Coordinated Universal Time),Thu Aug 06 2026 02:00:25 GMT+0000 (Coordinated Universal Time),
Coriander,coriander-27a41,635dadd677408d33e47a93fc,653ad7e5e882f528b34b59f5,6a6a6511c6021c7f7a6be4d4,false,false,Wed Jul 29 2026 20:39:45 GMT+0000 (Coordinated Universal Time),Wed Jul 29 2026 20:39:45 GMT+0000 (Coordinated Universal Time),Thu Aug 06 2026 02:00:25 GMT+0000 (Coordinated Universal Time),
Coriander Seeds,coriander-seeds-21987,635dadd677408d33e47a93fc,653ad7e5e882f528b34b59f5,6a6a6511c6021c7f7a6be4d6,false,false,Wed Jul 29 2026 20:39:45 GMT+0000 (Coordinated Universal Time),Wed Jul 29 2026 20:39:45 GMT+0000 (Coordinated Universal Time),Thu Aug 06 2026 02:00:25 GMT+0000 (Coordinated Universal Time),
Cornstarch,cornstarch-0db33,635dadd677408d33e47a93fc,653ad7e5e882f528b34b59f5,6a6a6511c6021c7f7a6be4d8,false,false,Wed Jul 29 2026 20:39:45 GMT+0000 (Coordinated Universal Time),Wed Jul 29 2026 20:39:45 GMT+0000 (Coordinated Universal Time),Thu Aug 06 2026 02:00:25 GMT+0000 (Coordinated Universal Time),
Cream Of Tartar,cream-of-tartar-d36a8,635dadd677408d33e47a93fc,653ad7e5e882f528b34b59f5,6a6a6511c6021c7f7a6be4da,false,false,Wed Jul 29 2026 20:39:45 GMT+0000 (Coordinated Universal Time),Wed Jul 29 2026 20:39:45 GMT+0000 (Coordinated Universal Time),Thu Aug 06 2026 02:00:25 GMT+0000 (Coordinated Universal Time),
Cremini,cremini-cd444,635dadd677408d33e47a93fc,653ad7e5e882f528b34b59f5,6a6a6511c6021c7f7a6be4dc,false,false,Wed Jul 29 2026 20:39:45 GMT+0000 (Coordinated Universal Time),Wed Jul 29 2026 20:39:45 GMT+0000 (Coordinated Universal Time),Thu Aug 06 2026 02:00:25 GMT+0000 (Coordinated Universal Time),
Croutons,croutons-5b83b,635dadd677408d33e47a93fc,653ad7e5e882f528b34b59f5,6a6a6511c6021c7f7a6be4de,false,false,Wed Jul 29 2026 20:39:45 GMT+0000 (Coordinated Universal Time),Wed Jul 29 2026 20:39:45 GMT+0000 (Coordinated Universal Time),Thu Aug 06 2026 02:00:25 GMT+0000 (Coordinated Universal Time),
Chili Flakes,chili-flakes-f3449,635dadd677408d33e47a93fc,653ad7e5e882f528b34b59f5,6a6a6511f1cf3fae959def7a,false,false,Wed Jul 29 2026 20:39:45 GMT+0000 (Coordinated Universal Time),Wed Jul 29 2026 20:39:45 GMT+0000 (Coordinated Universal Time),Thu Aug 06 2026 02:00:25 GMT+0000 (Coordinated Universal Time),
Chili Oil,chili-oil-d2103,635dadd677408d33e47a93fc,653ad7e5e882f528b34b59f5,6a6a6511f1cf3fae959def7c,false,false,Wed Jul 29 2026 20:39:45 GMT+0000 (Coordinated Universal Time),Wed Jul 29 2026 20:39:45 GMT+0000 (Coordinated Universal Time),Thu Aug 06 2026 02:00:25 GMT+0000 (Coordinated Universal Time),
Chipotle Chile Flakes,chipotle-chile-flakes-c62af,635dadd677408d33e47a93fc,653ad7e5e882f528b34b59f5,6a6a6511f1cf3fae959def7e,false,false,Wed Jul 29 2026 20:39:45 GMT+0000 (Coordinated Universal Time),Wed Jul 29 2026 20:39:45 GMT+0000 (Coordinated Universal Time),Thu Aug 06 2026 02:00:25 GMT+0000 (Coordinated Universal Time),
Chipotle Honey Vinaigrette,chipotle-honey-vinaigrette-728cb,635dadd677408d33e47a93fc,653ad7e5e882f528b34b59f5,6a6a6511f1cf3fae959def80,false,false,Wed Jul 29 2026 20:39:45 GMT+0000 (Coordinated Universal Time),Wed Jul 29 2026 20:39:45 GMT+0000 (Coordinated Universal Time),Thu Aug 06 2026 02:00:25 GMT+0000 (Coordinated Universal Time),
Chipotle Powder,chipotle-powder-f484a,635dadd677408d33e47a93fc,653ad7e5e882f528b34b59f5,6a6a6511f1cf3fae959def82,false,false,Wed Jul 29 2026 20:39:45 GMT+0000 (Coordinated Universal Time),Wed Jul 29 2026 20:39:45 GMT+0000 (Coordinated Universal Time),Thu Aug 06 2026 02:00:25 GMT+0000 (Coordinated Universal Time),
Chives,chives-c5cdb,635dadd677408d33e47a93fc,653ad7e5e882f528b34b59f5,6a6a6511f1cf3fae959def84,false,false,Wed Jul 29 2026 20:39:45 GMT+0000 (Coordinated Universal Time),Wed Jul 29 2026 20:39:45 GMT+0000 (Coordinated Universal Time),Thu Aug 06 2026 02:00:25 GMT+0000 (Coordinated Universal Time),
Chunky Salsa,chunky-salsa-a1871,635dadd677408d33e47a93fc,653ad7e5e882f528b34b59f5,6a6a6511f1cf3fae959def86,false,false,Wed Jul 29 2026 20:39:45 GMT+0000 (Coordinated Universal Time),Wed Jul 29 2026 20:39:45 GMT+0000 (Coordinated Universal Time),Thu Aug 06 2026 02:00:25 GMT+0000 (Coordinated Universal Time),
Citric Acid,citric-acid-9e362,635dadd677408d33e47a93fc,653ad7e5e882f528b34b59f5,6a6a6511f1cf3fae959def88,false,false,Wed Jul 29 2026 20:39:45 GMT+0000 (Coordinated Universal Time),Wed Jul 29 2026 20:39:45 GMT+0000 (Coordinated Universal Time),Thu Aug 06 2026 02:00:25 GMT+0000 (Coordinated Universal Time),
Clementines,clementines-07646,635dadd677408d33e47a93fc,653ad7e5e882f528b34b59f5,6a6a6511f1cf3fae959def8a,false,false,Wed Jul 29 2026 20:39:45 GMT+0000 (Coordinated Universal Time),Wed Jul 29 2026 20:39:45 GMT+0000 (Coordinated Universal Time),Thu Aug 06 2026 02:00:25 GMT+0000 (Coordinated Universal Time),
Coco Aminos,coco-aminos-feef8,635dadd677408d33e47a93fc,653ad7e5e882f528b34b59f5,6a6a6511f1cf3fae959def8c,false,false,Wed Jul 29 2026 20:39:45 GMT+0000 (Coordinated Universal Time),Wed Jul 29 2026 20:39:45 GMT+0000 (Coordinated Universal Time),Thu Aug 06 2026 02:00:25 GMT+0000 (Coordinated Universal Time),
Crumbled Vegan Meat,crumbled-vegan-meat-3258a,635dadd677408d33e47a93fc,653ad7e5e882f528b34b59f5,6a6a6512254a035370c23af9,false,false,Wed Jul 29 2026 20:39:46 GMT+0000 (Coordinated Universal Time),Wed Jul 29 2026 20:39:46 GMT+0000 (Coordinated Universal Time),Thu Aug 06 2026 02:00:25 GMT+0000 (Coordinated Universal Time),
Currants,currants-f28d6,635dadd677408d33e47a93fc,653ad7e5e882f528b34b59f5,6a6a6512254a035370c23afb,false,false,Wed Jul 29 2026 20:39:46 GMT+0000 (Coordinated Universal Time),Wed Jul 29 2026 20:39:46 GMT+0000 (Coordinated Universal Time),Thu Aug 06 2026 02:00:25 GMT+0000 (Coordinated Universal Time),
Curry Powder,curry-powder-43f28,635dadd677408d33e47a93fc,653ad7e5e882f528b34b59f5,6a6a6512254a035370c23afd,false,false,Wed Jul 29 2026 20:39:46 GMT+0000 (Coordinated Universal Time),Wed Jul 29 2026 20:39:46 GMT+0000 (Coordinated Universal Time),Thu Aug 06 2026 02:00:25 GMT+0000 (Coordinated Universal Time),
Dairy-free Butter,dairy-free-butter-969b1,635dadd677408d33e47a93fc,653ad7e5e882f528b34b59f5,6a6a6512254a035370c23aff,false,false,Wed Jul 29 2026 20:39:46 GMT+0000 (Coordinated Universal Time),Wed Jul 29 2026 20:39:46 GMT+0000 (Coordinated Universal Time),Thu Aug 06 2026 02:00:25 GMT+0000 (Coordinated Universal Time),
Dairy-free Cheddar Shreds,dairy-free-cheddar-shreds-dadfb,635dadd677408d33e47a93fc,653ad7e5e882f528b34b59f5,6a6a6512254a035370c23b01,false,false,Wed Jul 29 2026 20:39:46 GMT+0000 (Coordinated Universal Time),Wed Jul 29 2026 20:39:46 GMT+0000 (Coordinated Universal Time),Thu Aug 06 2026 02:00:25 GMT+0000 (Coordinated Universal Time),
Dairy-free Milk,dairy-free-milk-02620,635dadd677408d33e47a93fc,653ad7e5e882f528b34b59f5,6a6a6512254a035370c23b03,false,false,Wed Jul 29 2026 20:39:46 GMT+0000 (Coordinated Universal Time),Wed Jul 29 2026 20:39:46 GMT+0000 (Coordinated Universal Time),Thu Aug 06 2026 02:00:25 GMT+0000 (Coordinated Universal Time),
Dairy-free Mozzarella Cheese,dairy-free-mozzarella-cheese-7b06f,635dadd677408d33e47a93fc,653ad7e5e882f528b34b59f5,6a6a6512254a035370c23b05,false,false,Wed Jul 29 2026 20:39:46 GMT+0000 (Coordinated Universal Time),Wed Jul 29 2026 20:39:46 GMT+0000 (Coordinated Universal Time),Thu Aug 06 2026 02:00:25 GMT+0000 (Coordinated Universal Time),
Dairy-free Mozzarella Shreds,dairy-free-mozzarella-shreds-8b896,635dadd677408d33e47a93fc,653ad7e5e882f528b34b59f5,6a6a6512254a035370c23b07,false,false,Wed Jul 29 2026 20:39:46 GMT+0000 (Coordinated Universal Time),Wed Jul 29 2026 20:39:46 GMT+0000 (Coordinated Universal Time),Thu Aug 06 2026 02:00:25 GMT+0000 (Coordinated Universal Time),
Dairy-free Whipped Cream,dairy-free-whipped-cream-ba3b9,635dadd677408d33e47a93fc,653ad7e5e882f528b34b59f5,6a6a6512254a035370c23b09,false,false,Wed Jul 29 2026 20:39:46 GMT+0000 (Coordinated Universal Time),Wed Jul 29 2026 20:39:46 GMT+0000 (Coordinated Universal Time),Thu Aug 06 2026 02:00:25 GMT+0000 (Coordinated Universal Time),
Dark Rum,dark-rum-da4f4,635dadd677408d33e47a93fc,653ad7e5e882f528b34b59f5,6a6a6512254a035370c23b0b,false,false,Wed Jul 29 2026 20:39:46 GMT+0000 (Coordinated Universal Time),Wed Jul 29 2026 20:39:46 GMT+0000 (Coordinated Universal Time),Thu Aug 06 2026 02:00:25 GMT+0000 (Coordinated Universal Time),
Dark Soy Sauce,dark-soy-sauce-dd912,635dadd677408d33e47a93fc,653ad7e5e882f528b34b59f5,6a6a6512f766a4495cb17614,false,false,Wed Jul 29 2026 20:39:46 GMT+0000 (Coordinated Universal Time),Wed Jul 29 2026 20:39:46 GMT+0000 (Coordinated Universal Time),Thu Aug 06 2026 02:00:25 GMT+0000 (Coordinated Universal Time),
Dashi,dashi-a15a2,635dadd677408d33e47a93fc,653ad7e5e882f528b34b59f5,6a6a6512f766a4495cb17616,false,false,Wed Jul 29 2026 20:39:46 GMT+0000 (Coordinated Universal Time),Wed Jul 29 2026 20:39:46 GMT+0000 (Coordinated Universal Time),Thu Aug 06 2026 02:00:25 GMT+0000 (Coordinated Universal Time),
Dijon Mustard,dijon-mustard-a1729,635dadd677408d33e47a93fc,653ad7e5e882f528b34b59f5,6a6a6512f766a4495cb17618,false,false,Wed Jul 29 2026 20:39:46 GMT+0000 (Coordinated Universal Time),Fri Jul 31 2026 02:51:20 GMT+0000 (Coordinated Universal Time),Thu Aug 06 2026 02:00:25 GMT+0000 (Coordinated Universal Time),
Distilled Water,distilled-water-449d8,635dadd677408d33e47a93fc,653ad7e5e882f528b34b59f5,6a6a6512f766a4495cb1761a,false,false,Wed Jul 29 2026 20:39:46 GMT+0000 (Coordinated Universal Time),Wed Jul 29 2026 20:39:46 GMT+0000 (Coordinated Universal Time),Thu Aug 06 2026 02:00:25 GMT+0000 (Coordinated Universal Time),
Dry White Wine,dry-white-wine-46f17,635dadd677408d33e47a93fc,653ad7e5e882f528b34b59f5,6a6a6512f766a4495cb1761c,false,false,Wed Jul 29 2026 20:39:46 GMT+0000 (Coordinated Universal Time),Wed Jul 29 2026 20:39:46 GMT+0000 (Coordinated Universal Time),Thu Aug 06 2026 02:00:25 GMT+0000 (Coordinated Universal Time),
Edamame,edamame-de6ae,635dadd677408d33e47a93fc,653ad7e5e882f528b34b59f5,6a6a6512f766a4495cb1761e,false,false,Wed Jul 29 2026 20:39:46 GMT+0000 (Coordinated Universal Time),Wed Jul 29 2026 20:39:46 GMT+0000 (Coordinated Universal Time),Thu Aug 06 2026 02:00:25 GMT+0000 (Coordinated Universal Time),
Edible Flowers,edible-flowers-34d01,635dadd677408d33e47a93fc,653ad7e5e882f528b34b59f5,6a6a6512f766a4495cb17620,false,false,Wed Jul 29 2026 20:39:46 GMT+0000 (Coordinated Universal Time),Wed Jul 29 2026 20:39:46 GMT+0000 (Coordinated Universal Time),Thu Aug 06 2026 02:00:25 GMT+0000 (Coordinated Universal Time),
Egg,egg-5a7ae,635dadd677408d33e47a93fc,653ad7e5e882f528b34b59f5,6a6a6512f766a4495cb17622,false,false,Wed Jul 29 2026 20:39:46 GMT+0000 (Coordinated Universal Time),Wed Jul 29 2026 20:39:46 GMT+0000 (Coordinated Universal Time),Thu Aug 06 2026 02:00:25 GMT+0000 (Coordinated Universal Time),
Elbow Macaroni,elbow-macaroni-21ab4,635dadd677408d33e47a93fc,653ad7e5e882f528b34b59f5,6a6a6512f766a4495cb17624,false,false,Wed Jul 29 2026 20:39:46 GMT+0000 (Coordinated Universal Time),Wed Jul 29 2026 20:39:46 GMT+0000 (Coordinated Universal Time),Thu Aug 06 2026 02:00:25 GMT+0000 (Coordinated Universal Time),
Espresso Powder,espresso-powder-83ab0,635dadd677408d33e47a93fc,653ad7e5e882f528b34b59f5,6a6a6512f766a4495cb17626,false,false,Wed Jul 29 2026 20:39:46 GMT+0000 (Coordinated Universal Time),Wed Jul 29 2026 20:39:46 GMT+0000 (Coordinated Universal Time),Thu Aug 06 2026 02:00:25 GMT+0000 (Coordinated Universal Time),
Extra Hoisin,extra-hoisin-d76c9,635dadd677408d33e47a93fc,653ad7e5e882f528b34b59f5,6a6a65376d45202a61164161,false,false,Wed Jul 29 2026 20:40:23 GMT+0000 (Coordinated Universal Time),Wed Jul 29 2026 20:40:23 GMT+0000 (Coordinated Universal Time),Thu Aug 06 2026 02:00:25 GMT+0000 (Coordinated Universal Time),
Extra Soy Sauce,extra-soy-sauce-d51d2,635dadd677408d33e47a93fc,653ad7e5e882f528b34b59f5,6a6a65376d45202a61164163,false,false,Wed Jul 29 2026 20:40:23 GMT+0000 (Coordinated Universal Time),Wed Jul 29 2026 20:40:23 GMT+0000 (Coordinated Universal Time),Thu Aug 06 2026 02:00:25 GMT+0000 (Coordinated Universal Time),
Extra Sriracha,extra-sriracha-a5ee4,635dadd677408d33e47a93fc,653ad7e5e882f528b34b59f5,6a6a65376d45202a61164165,false,false,Wed Jul 29 2026 20:40:23 GMT+0000 (Coordinated Universal Time),Wed Jul 29 2026 20:40:23 GMT+0000 (Coordinated Universal Time),Thu Aug 06 2026 02:00:25 GMT+0000 (Coordinated Universal Time),
Farro,farro-6982f,635dadd677408d33e47a93fc,653ad7e5e882f528b34b59f5,6a6a65376d45202a61164167,false,false,Wed Jul 29 2026 20:40:23 GMT+0000 (Coordinated Universal Time),Wed Jul 29 2026 20:40:23 GMT+0000 (Coordinated Universal Time),Thu Aug 06 2026 02:00:25 GMT+0000 (Coordinated Universal Time),
Fennel Seeds,fennel-seeds-77782,635dadd677408d33e47a93fc,653ad7e5e882f528b34b59f5,6a6a65376d45202a61164169,false,false,Wed Jul 29 2026 20:40:23 GMT+0000 (Coordinated Universal Time),Wed Jul 29 2026 20:40:23 GMT+0000 (Coordinated Universal Time),Thu Aug 06 2026 02:00:25 GMT+0000 (Coordinated Universal Time),
Fenugreek Seeds,fenugreek-seeds-409df,635dadd677408d33e47a93fc,653ad7e5e882f528b34b59f5,6a6a65376d45202a6116416b,false,false,Wed Jul 29 2026 20:40:23 GMT+0000 (Coordinated Universal Time),Wed Jul 29 2026 20:40:23 GMT+0000 (Coordinated Universal Time),Thu Aug 06 2026 02:00:25 GMT+0000 (Coordinated Universal Time),
Filtered Water,filtered-water-23ab6,635dadd677408d33e47a93fc,653ad7e5e882f528b34b59f5,6a6a65376d45202a6116416d,false,false,Wed Jul 29 2026 20:40:23 GMT+0000 (Coordinated Universal Time),Wed Jul 29 2026 20:40:23 GMT+0000 (Coordinated Universal Time),Thu Aug 06 2026 02:00:25 GMT+0000 (Coordinated Universal Time),
Fine Yellow Cornmeal,fine-yellow-cornmeal-a1db5,635dadd677408d33e47a93fc,653ad7e5e882f528b34b59f5,6a6a65376d45202a6116416f,false,false,Wed Jul 29 2026 20:40:23 GMT+0000 (Coordinated Universal Time),Wed Jul 29 2026 20:40:23 GMT+0000 (Coordinated Universal Time),Thu Aug 06 2026 02:00:25 GMT+0000 (Coordinated Universal Time),
Flatbreads,flatbreads-11038,635dadd677408d33e47a93fc,653ad7e5e882f528b34b59f5,6a6a65376d45202a61164171,false,false,Wed Jul 29 2026 20:40:23 GMT+0000 (Coordinated Universal Time),Wed Jul 29 2026 20:40:23 GMT+0000 (Coordinated Universal Time),Thu Aug 06 2026 02:00:25 GMT+0000 (Coordinated Universal Time),
French Baguette Sections,french-baguette-sections-5e40c,635dadd677408d33e47a93fc,653ad7e5e882f528b34b59f5,6a6a65376d45202a61164173,false,false,Wed Jul 29 2026 20:40:23 GMT+0000 (Coordinated Universal Time),Wed Jul 29 2026 20:40:23 GMT+0000 (Coordinated Universal Time),Thu Aug 06 2026 02:00:25 GMT+0000 (Coordinated Universal Time),
French Baguettes,french-baguettes-72ebd,635dadd677408d33e47a93fc,653ad7e5e882f528b34b59f5,6a6a6538eed62ad59a7182cb,false,false,Wed Jul 29 2026 20:40:24 GMT+0000 (Coordinated Universal Time),Wed Jul 29 2026 20:40:24 GMT+0000 (Coordinated Universal Time),Thu Aug 06 2026 02:00:25 GMT+0000 (Coordinated Universal Time),
Fried Shallots,fried-shallots-eecbd,635dadd677408d33e47a93fc,653ad7e5e882f528b34b59f5,6a6a6538eed62ad59a7182cd,false,false,Wed Jul 29 2026 20:40:24 GMT+0000 (Coordinated Universal Time),Wed Jul 29 2026 20:40:24 GMT+0000 (Coordinated Universal Time),Thu Aug 06 2026 02:00:25 GMT+0000 (Coordinated Universal Time),
Frozen Mixed Vegetables,frozen-mixed-vegetables-5f9f0,635dadd677408d33e47a93fc,653ad7e5e882f528b34b59f5,6a6a6538eed62ad59a7182cf,false,false,Wed Jul 29 2026 20:40:24 GMT+0000 (Coordinated Universal Time),Wed Jul 29 2026 20:40:24 GMT+0000 (Coordinated Universal Time),Thu Aug 06 2026 02:00:25 GMT+0000 (Coordinated Universal Time),
Frozen Tater Tots,frozen-tater-tots-1462f,635dadd677408d33e47a93fc,653ad7e5e882f528b34b59f5,6a6a6538eed62ad59a7182d1,false,false,Wed Jul 29 2026 20:40:24 GMT+0000 (Coordinated Universal Time),Wed Jul 29 2026 20:40:24 GMT+0000 (Coordinated Universal Time),Thu Aug 06 2026 02:00:25 GMT+0000 (Coordinated Universal Time),
Fruit Compote,fruit-compote-2404a,635dadd677408d33e47a93fc,653ad7e5e882f528b34b59f5,6a6a6538eed62ad59a7182d3,false,false,Wed Jul 29 2026 20:40:24 GMT+0000 (Coordinated Universal Time),Wed Jul 29 2026 20:40:24 GMT+0000 (Coordinated Universal Time),Thu Aug 06 2026 02:00:25 GMT+0000 (Coordinated Universal Time),
Galangal,galangal-8f770,635dadd677408d33e47a93fc,653ad7e5e882f528b34b59f5,6a6a6538eed62ad59a7182d5,false,false,Wed Jul 29 2026 20:40:24 GMT+0000 (Coordinated Universal Time),Wed Jul 29 2026 20:40:24 GMT+0000 (Coordinated Universal Time),Thu Aug 06 2026 02:00:25 GMT+0000 (Coordinated Universal Time),
Garam Masala,garam-masala-c37b3,635dadd677408d33e47a93fc,653ad7e5e882f528b34b59f5,6a6a6538eed62ad59a7182d7,false,false,Wed Jul 29 2026 20:40:24 GMT+0000 (Coordinated Universal Time),Wed Jul 29 2026 20:40:24 GMT+0000 (Coordinated Universal Time),Thu Aug 06 2026 02:00:25 GMT+0000 (Coordinated Universal Time),
Gel Food Coloring,gel-food-coloring-478d7,635dadd677408d33e47a93fc,653ad7e5e882f528b34b59f5,6a6a6538eed62ad59a7182d9,false,false,Wed Jul 29 2026 20:40:24 GMT+0000 (Coordinated Universal Time),Wed Jul 29 2026 20:40:24 GMT+0000 (Coordinated Universal Time),Thu Aug 06 2026 02:00:25 GMT+0000 (Coordinated Universal Time),
Giardiniera,giardiniera-5973c,635dadd677408d33e47a93fc,653ad7e5e882f528b34b59f5,6a6a6538eed62ad59a7182db,false,false,Wed Jul 29 2026 20:40:24 GMT+0000 (Coordinated Universal Time),Wed Jul 29 2026 20:40:24 GMT+0000 (Coordinated Universal Time),Thu Aug 06 2026 02:00:25 GMT+0000 (Coordinated Universal Time),
Ginger,ginger-b4168,635dadd677408d33e47a93fc,653ad7e5e882f528b34b59f5,6a6a6538eed62ad59a7182dd,false,false,Wed Jul 29 2026 20:40:24 GMT+0000 (Coordinated Universal Time),Wed Jul 29 2026 20:40:24 GMT+0000 (Coordinated Universal Time),Thu Aug 06 2026 02:00:25 GMT+0000 (Coordinated Universal Time),
Ginger Powder,ginger-powder-847ff,635dadd677408d33e47a93fc,653ad7e5e882f528b34b59f5,6a6a6538eed62ad59a718351,false,false,Wed Jul 29 2026 20:40:24 GMT+0000 (Coordinated Universal Time),Wed Jul 29 2026 20:40:24 GMT+0000 (Coordinated Universal Time),Thu Aug 06 2026 02:00:25 GMT+0000 (Coordinated Universal Time),
Gochugaru,gochugaru-0c09f,635dadd677408d33e47a93fc,653ad7e5e882f528b34b59f5,6a6a6538eed62ad59a718353,false,false,Wed Jul 29 2026 20:40:24 GMT+0000 (Coordinated Universal Time),Wed Jul 29 2026 20:40:24 GMT+0000 (Coordinated Universal Time),Thu Aug 06 2026 02:00:25 GMT+0000 (Coordinated Universal Time),
Gochujang,gochujang-9684a,635dadd677408d33e47a93fc,653ad7e5e882f528b34b59f5,6a6a6538eed62ad59a718355,false,false,Wed Jul 29 2026 20:40:24 GMT+0000 (Coordinated Universal Time),Wed Jul 29 2026 20:40:24 GMT+0000 (Coordinated Universal Time),Thu Aug 06 2026 02:00:25 GMT+0000 (Coordinated Universal Time),
Granola,granola-22bfd,635dadd677408d33e47a93fc,653ad7e5e882f528b34b59f5,6a6a6538eed62ad59a718357,false,false,Wed Jul 29 2026 20:40:24 GMT+0000 (Coordinated Universal Time),Wed Jul 29 2026 20:40:24 GMT+0000 (Coordinated Universal Time),Thu Aug 06 2026 02:00:25 GMT+0000 (Coordinated Universal Time),
Green Cardamom Pods,green-cardamom-pods-eb060,635dadd677408d33e47a93fc,653ad7e5e882f528b34b59f5,6a6a6538eed62ad59a718359,false,false,Wed Jul 29 2026 20:40:24 GMT+0000 (Coordinated Universal Time),Wed Jul 29 2026 20:40:24 GMT+0000 (Coordinated Universal Time),Thu Aug 06 2026 02:00:25 GMT+0000 (Coordinated Universal Time),
Green Chili,green-chili-56140,635dadd677408d33e47a93fc,653ad7e5e882f528b34b59f5,6a6a6538eed62ad59a71835b,false,false,Wed Jul 29 2026 20:40:24 GMT+0000 (Coordinated Universal Time),Wed Jul 29 2026 20:40:24 GMT+0000 (Coordinated Universal Time),Thu Aug 06 2026 02:00:25 GMT+0000 (Coordinated Universal Time),
Green Chilies,green-chilies-eed5b,635dadd677408d33e47a93fc,653ad7e5e882f528b34b59f5,6a6a6538eed62ad59a71835d,false,false,Wed Jul 29 2026 20:40:24 GMT+0000 (Coordinated Universal Time),Wed Jul 29 2026 20:40:24 GMT+0000 (Coordinated Universal Time),Thu Aug 06 2026 02:00:25 GMT+0000 (Coordinated Universal Time),
Green Salsa,green-salsa-95aa5,635dadd677408d33e47a93fc,653ad7e5e882f528b34b59f5,6a6a6538eed62ad59a71835f,false,false,Wed Jul 29 2026 20:40:24 GMT+0000 (Coordinated Universal Time),Wed Jul 29 2026 20:40:24 GMT+0000 (Coordinated Universal Time),Thu Aug 06 2026 02:00:25 GMT+0000 (Coordinated Universal Time),
Gruyere-style Shreds,gruyere-style-shreds-f55eb,635dadd677408d33e47a93fc,653ad7e5e882f528b34b59f5,6a6a6538eed62ad59a718361,false,false,Wed Jul 29 2026 20:40:24 GMT+0000 (Coordinated Universal Time),Wed Jul 29 2026 20:40:24 GMT+0000 (Coordinated Universal Time),Thu Aug 06 2026 02:00:25 GMT+0000 (Coordinated Universal Time),
Guacamole,guacamole-45332,635dadd677408d33e47a93fc,653ad7e5e882f528b34b59f5,6a6a6538eed62ad59a718363,false,false,Wed Jul 29 2026 20:40:24 GMT+0000 (Coordinated Universal Time),Wed Jul 29 2026 20:40:24 GMT+0000 (Coordinated Universal Time),Thu Aug 06 2026 02:00:25 GMT+0000 (Coordinated Universal Time),
Harissa Sauce,harissa-sauce-222d0,635dadd677408d33e47a93fc,653ad7e5e882f528b34b59f5,6a6a6539f766a4495cb18c0d,false,false,Wed Jul 29 2026 20:40:25 GMT+0000 (Coordinated Universal Time),Wed Jul 29 2026 20:40:25 GMT+0000 (Coordinated Universal Time),Thu Aug 06 2026 02:00:25 GMT+0000 (Coordinated Universal Time),
Hash Browns,hash-browns-81c5b,635dadd677408d33e47a93fc,653ad7e5e882f528b34b59f5,6a6a6539f766a4495cb18c0f,false,false,Wed Jul 29 2026 20:40:25 GMT+0000 (Coordinated Universal Time),Wed Jul 29 2026 20:40:25 GMT+0000 (Coordinated Universal Time),Thu Aug 06 2026 02:00:25 GMT+0000 (Coordinated Universal Time),
Hemp Hearts,hemp-hearts-261e2,635dadd677408d33e47a93fc,653ad7e5e882f528b34b59f5,6a6a6539f766a4495cb18c11,false,false,Wed Jul 29 2026 20:40:25 GMT+0000 (Coordinated Universal Time),Wed Jul 29 2026 20:40:25 GMT+0000 (Coordinated Universal Time),Thu Aug 06 2026 02:00:25 GMT+0000 (Coordinated Universal Time),
Hoagie Rolls,hoagie-rolls-a9edd,635dadd677408d33e47a93fc,653ad7e5e882f528b34b59f5,6a6a6539f766a4495cb18c13,false,false,Wed Jul 29 2026 20:40:25 GMT+0000 (Coordinated Universal Time),Wed Jul 29 2026 20:40:25 GMT+0000 (Coordinated Universal Time),Thu Aug 06 2026 02:00:25 GMT+0000 (Coordinated Universal Time),
Hoisin,hoisin-0c3a2,635dadd677408d33e47a93fc,653ad7e5e882f528b34b59f5,6a6a6539f766a4495cb18c15,false,false,Wed Jul 29 2026 20:40:25 GMT+0000 (Coordinated Universal Time),Wed Jul 29 2026 20:40:25 GMT+0000 (Coordinated Universal Time),Thu Aug 06 2026 02:00:25 GMT+0000 (Coordinated Universal Time),
Hoisin Sauce,hoisin-sauce-5572d,635dadd677408d33e47a93fc,653ad7e5e882f528b34b59f5,6a6a6539f766a4495cb18c17,false,false,Wed Jul 29 2026 20:40:25 GMT+0000 (Coordinated Universal Time),Wed Jul 29 2026 20:40:25 GMT+0000 (Coordinated Universal Time),Thu Aug 06 2026 02:00:25 GMT+0000 (Coordinated Universal Time),
Honey,honey-6f5ba,635dadd677408d33e47a93fc,653ad7e5e882f528b34b59f5,6a6a6539f766a4495cb18c19,false,false,Wed Jul 29 2026 20:40:25 GMT+0000 (Coordinated Universal Time),Wed Jul 29 2026 20:40:25 GMT+0000 (Coordinated Universal Time),Thu Aug 06 2026 02:00:25 GMT+0000 (Coordinated Universal Time),
Hungarian Paprika,hungarian-paprika-43c55,635dadd677408d33e47a93fc,653ad7e5e882f528b34b59f5,6a6a6539f766a4495cb18c1b,false,false,Wed Jul 29 2026 20:40:25 GMT+0000 (Coordinated Universal Time),Wed Jul 29 2026 20:40:25 GMT+0000 (Coordinated Universal Time),Thu Aug 06 2026 02:00:25 GMT+0000 (Coordinated Universal Time),
Ice Cubes,ice-cubes-8be18,635dadd677408d33e47a93fc,653ad7e5e882f528b34b59f5,6a6a6539f766a4495cb18c1d,false,false,Wed Jul 29 2026 20:40:25 GMT+0000 (Coordinated Universal Time),Wed Jul 29 2026 20:40:25 GMT+0000 (Coordinated Universal Time),Thu Aug 06 2026 02:00:25 GMT+0000 (Coordinated Universal Time),
Injera,injera-1920c,635dadd677408d33e47a93fc,653ad7e5e882f528b34b59f5,6a6a6539f766a4495cb18c1f,false,false,Wed Jul 29 2026 20:40:25 GMT+0000 (Coordinated Universal Time),Wed Jul 29 2026 20:40:25 GMT+0000 (Coordinated Universal Time),Thu Aug 06 2026 02:00:25 GMT+0000 (Coordinated Universal Time),
Instant Yeast,instant-yeast-7f935,635dadd677408d33e47a93fc,653ad7e5e882f528b34b59f5,6a6a65680ab86c971afb19e6,false,false,Wed Jul 29 2026 20:41:12 GMT+0000 (Coordinated Universal Time),Wed Jul 29 2026 20:41:12 GMT+0000 (Coordinated Universal Time),Thu Aug 06 2026 02:00:25 GMT+0000 (Coordinated Universal Time),
Italian Dressing,italian-dressing-481b1,635dadd677408d33e47a93fc,653ad7e5e882f528b34b59f5,6a6a65680ab86c971afb19e8,false,false,Wed Jul 29 2026 20:41:12 GMT+0000 (Coordinated Universal Time),Wed Jul 29 2026 20:41:12 GMT+0000 (Coordinated Universal Time),Thu Aug 06 2026 02:00:25 GMT+0000 (Coordinated Universal Time),
Italian Seasoning,italian-seasoning-0a162,635dadd677408d33e47a93fc,653ad7e5e882f528b34b59f5,6a6a65680ab86c971afb19ea,false,false,Wed Jul 29 2026 20:41:12 GMT+0000 (Coordinated Universal Time),Wed Jul 29 2026 20:41:12 GMT+0000 (Coordinated Universal Time),Thu Aug 06 2026 02:00:25 GMT+0000 (Coordinated Universal Time),
Japanese Curry Roux Cubes,japanese-curry-roux-cubes-1a408,635dadd677408d33e47a93fc,653ad7e5e882f528b34b59f5,6a6a65680ab86c971afb19ec,false,false,Wed Jul 29 2026 20:41:12 GMT+0000 (Coordinated Universal Time),Wed Jul 29 2026 20:41:12 GMT+0000 (Coordinated Universal Time),Thu Aug 06 2026 02:00:25 GMT+0000 (Coordinated Universal Time),
Jasmine,jasmine-93f56,635dadd677408d33e47a93fc,653ad7e5e882f528b34b59f5,6a6a65680ab86c971afb19ee,false,false,Wed Jul 29 2026 20:41:12 GMT+0000 (Coordinated Universal Time),Wed Jul 29 2026 20:41:12 GMT+0000 (Coordinated Universal Time),Thu Aug 06 2026 02:00:25 GMT+0000 (Coordinated Universal Time),
Kala Namak,kala-namak-65042,635dadd677408d33e47a93fc,653ad7e5e882f528b34b59f5,6a6a65680ab86c971afb19f0,false,false,Wed Jul 29 2026 20:41:12 GMT+0000 (Coordinated Universal Time),Wed Jul 29 2026 20:41:12 GMT+0000 (Coordinated Universal Time),Thu Aug 06 2026 02:00:25 GMT+0000 (Coordinated Universal Time),
Kataifi Pastry,kataifi-pastry-9bf9a,635dadd677408d33e47a93fc,653ad7e5e882f528b34b59f5,6a6a65680ab86c971afb19f2,false,false,Wed Jul 29 2026 20:41:12 GMT+0000 (Coordinated Universal Time),Wed Jul 29 2026 20:41:12 GMT+0000 (Coordinated Universal Time),Thu Aug 06 2026 02:00:25 GMT+0000 (Coordinated Universal Time),
Ketchup,ketchup-9fdff,635dadd677408d33e47a93fc,653ad7e5e882f528b34b59f5,6a6a65680ab86c971afb19f4,false,false,Wed Jul 29 2026 20:41:12 GMT+0000 (Coordinated Universal Time),Wed Jul 29 2026 20:41:12 GMT+0000 (Coordinated Universal Time),Thu Aug 06 2026 02:00:25 GMT+0000 (Coordinated Universal Time),
Kombu Dashi,kombu-dashi-9e506,635dadd677408d33e47a93fc,653ad7e5e882f528b34b59f5,6a6a65680ab86c971afb19f6,false,false,Wed Jul 29 2026 20:41:12 GMT+0000 (Coordinated Universal Time),Wed Jul 29 2026 20:41:12 GMT+0000 (Coordinated Universal Time),Thu Aug 06 2026 02:00:25 GMT+0000 (Coordinated Universal Time),
Laksa Paste,laksa-paste-34edf,635dadd677408d33e47a93fc,653ad7e5e882f528b34b59f5,6a6a65680ab86c971afb19f8,false,false,Wed Jul 29 2026 20:41:12 GMT+0000 (Coordinated Universal Time),Wed Jul 29 2026 20:41:12 GMT+0000 (Coordinated Universal Time),Thu Aug 06 2026 02:00:25 GMT+0000 (Coordinated Universal Time),
Liquid Smoke,liquid-smoke-02f08,635dadd677408d33e47a93fc,653ad7e5e882f528b34b59f5,6a6a6568e7c565b299f60bc3,false,false,Wed Jul 29 2026 20:41:12 GMT+0000 (Coordinated Universal Time),Wed Jul 29 2026 20:41:12 GMT+0000 (Coordinated Universal Time),Thu Aug 06 2026 02:00:25 GMT+0000 (Coordinated Universal Time),
Liquid Sweetener,liquid-sweetener-bdb71,635dadd677408d33e47a93fc,653ad7e5e882f528b34b59f5,6a6a6568e7c565b299f60bc5,false,false,Wed Jul 29 2026 20:41:12 GMT+0000 (Coordinated Universal Time),Wed Jul 29 2026 20:41:12 GMT+0000 (Coordinated Universal Time),Thu Aug 06 2026 02:00:25 GMT+0000 (Coordinated Universal Time),
Liters Water,liters-water-f2ee6,635dadd677408d33e47a93fc,653ad7e5e882f528b34b59f5,6a6a6568e7c565b299f60bc7,false,false,Wed Jul 29 2026 20:41:12 GMT+0000 (Coordinated Universal Time),Wed Jul 29 2026 20:41:12 GMT+0000 (Coordinated Universal Time),Thu Aug 06 2026 02:00:25 GMT+0000 (Coordinated Universal Time),
Loose Hibiscus Flowers,loose-hibiscus-flowers-6c62e,635dadd677408d33e47a93fc,653ad7e5e882f528b34b59f5,6a6a6568e7c565b299f60bc9,false,false,Wed Jul 29 2026 20:41:12 GMT+0000 (Coordinated Universal Time),Wed Jul 29 2026 20:41:12 GMT+0000 (Coordinated Universal Time),Thu Aug 06 2026 02:00:25 GMT+0000 (Coordinated Universal Time),
Loose-leaf Assam,loose-leaf-assam-a628d,635dadd677408d33e47a93fc,653ad7e5e882f528b34b59f5,6a6a6568e7c565b299f60bcb,false,false,Wed Jul 29 2026 20:41:12 GMT+0000 (Coordinated Universal Time),Wed Jul 29 2026 20:41:12 GMT+0000 (Coordinated Universal Time),Thu Aug 06 2026 02:00:25 GMT+0000 (Coordinated Universal Time),
Maggi Seasoning,maggi-seasoning-c205a,635dadd677408d33e47a93fc,653ad7e5e882f528b34b59f5,6a6a6568e7c565b299f60bcd,false,false,Wed Jul 29 2026 20:41:12 GMT+0000 (Coordinated Universal Time),Wed Jul 29 2026 20:41:12 GMT+0000 (Coordinated Universal Time),Thu Aug 06 2026 02:00:25 GMT+0000 (Coordinated Universal Time),
Marinara Sauce,marinara-sauce-a58a3,635dadd677408d33e47a93fc,653ad7e5e882f528b34b59f5,6a6a6568e7c565b299f60bcf,false,false,Wed Jul 29 2026 20:41:12 GMT+0000 (Coordinated Universal Time),Wed Jul 29 2026 20:41:12 GMT+0000 (Coordinated Universal Time),Thu Aug 06 2026 02:00:25 GMT+0000 (Coordinated Universal Time),
Marshmallows,marshmallows-0187b,635dadd677408d33e47a93fc,653ad7e5e882f528b34b59f5,6a6a6568e7c565b299f60bd1,false,false,Wed Jul 29 2026 20:41:12 GMT+0000 (Coordinated Universal Time),Wed Jul 29 2026 20:41:12 GMT+0000 (Coordinated Universal Time),Thu Aug 06 2026 02:00:25 GMT+0000 (Coordinated Universal Time),
Massaman Curry Paste,massaman-curry-paste-7de9c,635dadd677408d33e47a93fc,653ad7e5e882f528b34b59f5,6a6a6568e7c565b299f60bd3,false,false,Wed Jul 29 2026 20:41:12 GMT+0000 (Coordinated Universal Time),Wed Jul 29 2026 20:41:12 GMT+0000 (Coordinated Universal Time),Thu Aug 06 2026 02:00:25 GMT+0000 (Coordinated Universal Time),
Mexican Blend Cheese,mexican-blend-cheese-167ae,635dadd677408d33e47a93fc,653ad7e5e882f528b34b59f5,6a6a6568e7c565b299f60bd5,false,false,Wed Jul 29 2026 20:41:12 GMT+0000 (Coordinated Universal Time),Wed Jul 29 2026 20:41:12 GMT+0000 (Coordinated Universal Time),Thu Aug 06 2026 02:00:25 GMT+0000 (Coordinated Universal Time),
Non-chlorinated Water,non-chlorinated-water-9a262,635dadd677408d33e47a93fc,653ad7e5e882f528b34b59f5,6a6a6569254a035370c24bcd,false,false,Wed Jul 29 2026 20:41:13 GMT+0000 (Coordinated Universal Time),Wed Jul 29 2026 20:41:13 GMT+0000 (Coordinated Universal Time),Thu Aug 06 2026 02:00:25 GMT+0000 (Coordinated Universal Time),
Non-dairy Béchamel,non-dairy-bechamel-02d66,635dadd677408d33e47a93fc,653ad7e5e882f528b34b59f5,6a6a6569254a035370c24bcf,false,false,Wed Jul 29 2026 20:41:13 GMT+0000 (Coordinated Universal Time),Wed Jul 29 2026 20:41:13 GMT+0000 (Coordinated Universal Time),Thu Aug 06 2026 02:00:25 GMT+0000 (Coordinated Universal Time),
Nori,nori-3666a,635dadd677408d33e47a93fc,653ad7e5e882f528b34b59f5,6a6a6569254a035370c24bd1,false,false,Wed Jul 29 2026 20:41:13 GMT+0000 (Coordinated Universal Time),Wed Jul 29 2026 20:41:13 GMT+0000 (Coordinated Universal Time),Thu Aug 06 2026 02:00:25 GMT+0000 (Coordinated Universal Time),
Okra,okra-e2a2a,635dadd677408d33e47a93fc,653ad7e5e882f528b34b59f5,6a6a6569254a035370c24bd3,false,false,Wed Jul 29 2026 20:41:13 GMT+0000 (Coordinated Universal Time),Wed Jul 29 2026 20:41:13 GMT+0000 (Coordinated Universal Time),Thu Aug 06 2026 02:00:25 GMT+0000 (Coordinated Universal Time),
Oyster-style Vegan Sauce,oyster-style-vegan-sauce-a3d1f,635dadd677408d33e47a93fc,653ad7e5e882f528b34b59f5,6a6a6569254a035370c24bd5,false,false,Wed Jul 29 2026 20:41:13 GMT+0000 (Coordinated Universal Time),Wed Jul 29 2026 20:41:13 GMT+0000 (Coordinated Universal Time),Thu Aug 06 2026 02:00:25 GMT+0000 (Coordinated Universal Time),
Panko,panko-9b143,635dadd677408d33e47a93fc,653ad7e5e882f528b34b59f5,6a6a6569254a035370c24bd7,false,false,Wed Jul 29 2026 20:41:13 GMT+0000 (Coordinated Universal Time),Wed Jul 29 2026 20:41:13 GMT+0000 (Coordinated Universal Time),Thu Aug 06 2026 02:00:25 GMT+0000 (Coordinated Universal Time),
Panko Breadcrumbs,panko-breadcrumbs-bb29b,635dadd677408d33e47a93fc,653ad7e5e882f528b34b59f5,6a6a6569254a035370c24bd9,false,false,Wed Jul 29 2026 20:41:13 GMT+0000 (Coordinated Universal Time),Wed Jul 29 2026 20:41:13 GMT+0000 (Coordinated Universal Time),Thu Aug 06 2026 02:00:25 GMT+0000 (Coordinated Universal Time),
Paprika,paprika-05efb,635dadd677408d33e47a93fc,653ad7e5e882f528b34b59f5,6a6a6569254a035370c24bdb,false,false,Wed Jul 29 2026 20:41:13 GMT+0000 (Coordinated Universal Time),Wed Jul 29 2026 20:41:13 GMT+0000 (Coordinated Universal Time),Thu Aug 06 2026 02:00:25 GMT+0000 (Coordinated Universal Time),
Paprika Powder,paprika-powder-593d7,635dadd677408d33e47a93fc,653ad7e5e882f528b34b59f5,6a6a6569254a035370c24bdd,false,false,Wed Jul 29 2026 20:41:13 GMT+0000 (Coordinated Universal Time),Wed Jul 29 2026 20:41:13 GMT+0000 (Coordinated Universal Time),Thu Aug 06 2026 02:00:25 GMT+0000 (Coordinated Universal Time),
Passion Herbal Tea,passion-herbal-tea-4dfc3,635dadd677408d33e47a93fc,653ad7e5e882f528b34b59f5,6a6a6569254a035370c24bdf,false,false,Wed Jul 29 2026 20:41:13 GMT+0000 (Coordinated Universal Time),Wed Jul 29 2026 20:41:13 GMT+0000 (Coordinated Universal Time),Thu Aug 06 2026 02:00:25 GMT+0000 (Coordinated Universal Time),
Microgreens,microgreens-1f079,635dadd677408d33e47a93fc,653ad7e5e882f528b34b59f5,6a6a65699b49c96eeb0a73e9,false,false,Wed Jul 29 2026 20:41:13 GMT+0000 (Coordinated Universal Time),Wed Jul 29 2026 20:41:13 GMT+0000 (Coordinated Universal Time),Thu Aug 06 2026 02:00:25 GMT+0000 (Coordinated Universal Time),
Mild Red Chile Powder,mild-red-chile-powder-4acd9,635dadd677408d33e47a93fc,653ad7e5e882f528b34b59f5,6a6a65699b49c96eeb0a73eb,false,false,Wed Jul 29 2026 20:41:13 GMT+0000 (Coordinated Universal Time),Wed Jul 29 2026 20:41:13 GMT+0000 (Coordinated Universal Time),Thu Aug 06 2026 02:00:25 GMT+0000 (Coordinated Universal Time),
Mirin,mirin-1aad5,635dadd677408d33e47a93fc,653ad7e5e882f528b34b59f5,6a6a65699b49c96eeb0a73ed,false,false,Wed Jul 29 2026 20:41:13 GMT+0000 (Coordinated Universal Time),Wed Jul 29 2026 20:41:13 GMT+0000 (Coordinated Universal Time),Thu Aug 06 2026 02:00:25 GMT+0000 (Coordinated Universal Time),
Miso Paste,miso-paste-0c953,635dadd677408d33e47a93fc,653ad7e5e882f528b34b59f5,6a6a65699b49c96eeb0a73ef,false,false,Wed Jul 29 2026 20:41:13 GMT+0000 (Coordinated Universal Time),Wed Jul 29 2026 20:41:13 GMT+0000 (Coordinated Universal Time),Thu Aug 06 2026 02:00:25 GMT+0000 (Coordinated Universal Time),
Molasses,molasses-a7bd1,635dadd677408d33e47a93fc,653ad7e5e882f528b34b59f5,6a6a65699b49c96eeb0a73f1,false,false,Wed Jul 29 2026 20:41:13 GMT+0000 (Coordinated Universal Time),Wed Jul 29 2026 20:41:13 GMT+0000 (Coordinated Universal Time),Thu Aug 06 2026 02:00:25 GMT+0000 (Coordinated Universal Time),
Mustard,mustard-aa44b,635dadd677408d33e47a93fc,653ad7e5e882f528b34b59f5,6a6a65699b49c96eeb0a73f3,false,false,Wed Jul 29 2026 20:41:13 GMT+0000 (Coordinated Universal Time),Wed Jul 29 2026 20:41:13 GMT+0000 (Coordinated Universal Time),Thu Aug 06 2026 02:00:25 GMT+0000 (Coordinated Universal Time),
Mustard Powder,mustard-powder-05549,635dadd677408d33e47a93fc,653ad7e5e882f528b34b59f5,6a6a65699b49c96eeb0a73f5,false,false,Wed Jul 29 2026 20:41:13 GMT+0000 (Coordinated Universal Time),Wed Jul 29 2026 20:41:13 GMT+0000 (Coordinated Universal Time),Thu Aug 06 2026 02:00:25 GMT+0000 (Coordinated Universal Time),
Mustard Seeds,mustard-seeds-26d1a,635dadd677408d33e47a93fc,653ad7e5e882f528b34b59f5,6a6a65699b49c96eeb0a73f7,false,false,Wed Jul 29 2026 20:41:13 GMT+0000 (Coordinated Universal Time),Wed Jul 29 2026 20:41:13 GMT+0000 (Coordinated Universal Time),Thu Aug 06 2026 02:00:25 GMT+0000 (Coordinated Universal Time),
Neutral-flavored Oil,neutral-flavored-oil-d2bd5,635dadd677408d33e47a93fc,653ad7e5e882f528b34b59f5,6a6a65699b49c96eeb0a73f9,false,false,Wed Jul 29 2026 20:41:13 GMT+0000 (Coordinated Universal Time),Wed Jul 29 2026 20:41:13 GMT+0000 (Coordinated Universal Time),Thu Aug 06 2026 02:00:25 GMT+0000 (Coordinated Universal Time),
Niter Kibbeh,niter-kibbeh-29779,635dadd677408d33e47a93fc,653ad7e5e882f528b34b59f5,6a6a65699b49c96eeb0a73fb,false,false,Wed Jul 29 2026 20:41:13 GMT+0000 (Coordinated Universal Time),Wed Jul 29 2026 20:41:13 GMT+0000 (Coordinated Universal Time),Thu Aug 06 2026 02:00:25 GMT+0000 (Coordinated Universal Time),
Pearl Barley,pearl-barley-09bc6,635dadd677408d33e47a93fc,653ad7e5e882f528b34b59f5,6a6a656ac6021c7f7a6bee31,false,false,Wed Jul 29 2026 20:41:14 GMT+0000 (Coordinated Universal Time),Wed Jul 29 2026 20:41:14 GMT+0000 (Coordinated Universal Time),Thu Aug 06 2026 02:00:25 GMT+0000 (Coordinated Universal Time),
Penne,penne-3e91c,635dadd677408d33e47a93fc,653ad7e5e882f528b34b59f5,6a6a656ac6021c7f7a6bee33,false,false,Wed Jul 29 2026 20:41:14 GMT+0000 (Coordinated Universal Time),Wed Jul 29 2026 20:41:14 GMT+0000 (Coordinated Universal Time),Thu Aug 06 2026 02:00:25 GMT+0000 (Coordinated Universal Time),
Peppercorns,peppercorns-341ff,635dadd677408d33e47a93fc,653ad7e5e882f528b34b59f5,6a6a656ac6021c7f7a6bee35,false,false,Wed Jul 29 2026 20:41:14 GMT+0000 (Coordinated Universal Time),Wed Jul 29 2026 20:41:14 GMT+0000 (Coordinated Universal Time),Thu Aug 06 2026 02:00:25 GMT+0000 (Coordinated Universal Time),
Peppermint Extract,peppermint-extract-3b7f5,635dadd677408d33e47a93fc,653ad7e5e882f528b34b59f5,6a6a656ac6021c7f7a6bee37,false,false,Wed Jul 29 2026 20:41:14 GMT+0000 (Coordinated Universal Time),Wed Jul 29 2026 20:41:14 GMT+0000 (Coordinated Universal Time),Thu Aug 06 2026 02:00:25 GMT+0000 (Coordinated Universal Time),
Pickled Ginger,pickled-ginger-40e4a,635dadd677408d33e47a93fc,653ad7e5e882f528b34b59f5,6a6a656ac6021c7f7a6bee39,false,false,Wed Jul 29 2026 20:41:14 GMT+0000 (Coordinated Universal Time),Wed Jul 29 2026 20:41:14 GMT+0000 (Coordinated Universal Time),Thu Aug 06 2026 02:00:25 GMT+0000 (Coordinated Universal Time),
Pickled Turnips,pickled-turnips-2455d,635dadd677408d33e47a93fc,653ad7e5e882f528b34b59f5,6a6a656ac6021c7f7a6bee3b,false,false,Wed Jul 29 2026 20:41:14 GMT+0000 (Coordinated Universal Time),Wed Jul 29 2026 20:41:14 GMT+0000 (Coordinated Universal Time),Thu Aug 06 2026 02:00:25 GMT+0000 (Coordinated Universal Time),
Pico De Gallo,pico-de-gallo-07270,635dadd677408d33e47a93fc,653ad7e5e882f528b34b59f5,6a6a656ac6021c7f7a6bee3d,false,false,Wed Jul 29 2026 20:41:14 GMT+0000 (Coordinated Universal Time),Wed Jul 29 2026 20:41:14 GMT+0000 (Coordinated Universal Time),Thu Aug 06 2026 02:00:25 GMT+0000 (Coordinated Universal Time),
Pita,pita-68b5b,635dadd677408d33e47a93fc,653ad7e5e882f528b34b59f5,6a6a656ac6021c7f7a6bee3f,false,false,Wed Jul 29 2026 20:41:14 GMT+0000 (Coordinated Universal Time),Wed Jul 29 2026 20:41:14 GMT+0000 (Coordinated Universal Time),Thu Aug 06 2026 02:00:25 GMT+0000 (Coordinated Universal Time),
Pitted Black Olives,pitted-black-olives-5eec8,635dadd677408d33e47a93fc,653ad7e5e882f528b34b59f5,6a6a656ac6021c7f7a6bee41,false,false,Wed Jul 29 2026 20:41:14 GMT+0000 (Coordinated Universal Time),Wed Jul 29 2026 20:41:14 GMT+0000 (Coordinated Universal Time),Thu Aug 06 2026 02:00:25 GMT+0000 (Coordinated Universal Time),
Pitted Green Olives,pitted-green-olives-34af8,635dadd677408d33e47a93fc,653ad7e5e882f528b34b59f5,6a6a656ac6021c7f7a6bee43,false,false,Wed Jul 29 2026 20:41:14 GMT+0000 (Coordinated Universal Time),Wed Jul 29 2026 20:41:14 GMT+0000 (Coordinated Universal Time),Thu Aug 06 2026 02:00:25 GMT+0000 (Coordinated Universal Time),
Pitted Kalamata Olives,pitted-kalamata-olives-9b272,635dadd677408d33e47a93fc,653ad7e5e882f528b34b59f5,6a6a658a0ab86c971afb24db,false,false,Wed Jul 29 2026 20:41:46 GMT+0000 (Coordinated Universal Time),Wed Jul 29 2026 20:41:46 GMT+0000 (Coordinated Universal Time),Thu Aug 06 2026 02:00:25 GMT+0000 (Coordinated Universal Time),
Pizza Sauce,pizza-sauce-198b6,635dadd677408d33e47a93fc,653ad7e5e882f528b34b59f5,6a6a658a0ab86c971afb24dd,false,false,Wed Jul 29 2026 20:41:46 GMT+0000 (Coordinated Universal Time),Wed Jul 29 2026 20:41:46 GMT+0000 (Coordinated Universal Time),Thu Aug 06 2026 02:00:25 GMT+0000 (Coordinated Universal Time),
Plant-based Mayo,plant-based-mayo-02314,635dadd677408d33e47a93fc,653ad7e5e882f528b34b59f5,6a6a658a0ab86c971afb24df,false,false,Wed Jul 29 2026 20:41:46 GMT+0000 (Coordinated Universal Time),Wed Jul 29 2026 20:41:46 GMT+0000 (Coordinated Universal Time),Thu Aug 06 2026 02:00:25 GMT+0000 (Coordinated Universal Time),
Plant-based Milk,plant-based-milk-22566,635dadd677408d33e47a93fc,653ad7e5e882f528b34b59f5,6a6a658a0ab86c971afb24e1,false,false,Wed Jul 29 2026 20:41:46 GMT+0000 (Coordinated Universal Time),Wed Jul 29 2026 20:41:46 GMT+0000 (Coordinated Universal Time),Thu Aug 06 2026 02:00:25 GMT+0000 (Coordinated Universal Time),
Plant-based Sausage,plant-based-sausage-88ce7,635dadd677408d33e47a93fc,653ad7e5e882f528b34b59f5,6a6a658a0ab86c971afb24e3,false,false,Wed Jul 29 2026 20:41:46 GMT+0000 (Coordinated Universal Time),Wed Jul 29 2026 20:41:46 GMT+0000 (Coordinated Universal Time),Thu Aug 06 2026 02:00:25 GMT+0000 (Coordinated Universal Time),
Plum,plum-ddd7f,635dadd677408d33e47a93fc,653ad7e5e882f528b34b59f5,6a6a658a0ab86c971afb24e5,false,false,Wed Jul 29 2026 20:41:46 GMT+0000 (Coordinated Universal Time),Wed Jul 29 2026 20:41:46 GMT+0000 (Coordinated Universal Time),Thu Aug 06 2026 02:00:25 GMT+0000 (Coordinated Universal Time),
Poblano Peppers,poblano-peppers-2c477,635dadd677408d33e47a93fc,653ad7e5e882f528b34b59f5,6a6a658a0ab86c971afb24e7,false,false,Wed Jul 29 2026 20:41:46 GMT+0000 (Coordinated Universal Time),Wed Jul 29 2026 20:41:46 GMT+0000 (Coordinated Universal Time),Thu Aug 06 2026 02:00:25 GMT+0000 (Coordinated Universal Time),
Rainbow Sprinkles,rainbow-sprinkles-f0603,635dadd677408d33e47a93fc,653ad7e5e882f528b34b59f5,6a6a658a0ab86c971afb24e9,false,false,Wed Jul 29 2026 20:41:46 GMT+0000 (Coordinated Universal Time),Wed Jul 29 2026 20:41:46 GMT+0000 (Coordinated Universal Time),Thu Aug 06 2026 02:00:25 GMT+0000 (Coordinated Universal Time),
Raisins,raisins-4630d,635dadd677408d33e47a93fc,653ad7e5e882f528b34b59f5,6a6a658a0ab86c971afb24eb,false,false,Wed Jul 29 2026 20:41:46 GMT+0000 (Coordinated Universal Time),Wed Jul 29 2026 20:41:46 GMT+0000 (Coordinated Universal Time),Thu Aug 06 2026 02:00:25 GMT+0000 (Coordinated Universal Time),
Ranchero Sauce,ranchero-sauce-28aa2,635dadd677408d33e47a93fc,653ad7e5e882f528b34b59f5,6a6a658a0ab86c971afb24ed,false,false,Wed Jul 29 2026 20:41:46 GMT+0000 (Coordinated Universal Time),Wed Jul 29 2026 20:41:46 GMT+0000 (Coordinated Universal Time),Thu Aug 06 2026 02:00:25 GMT+0000 (Coordinated Universal Time),
Red Chili Flakes,red-chili-flakes-9afc7,635dadd677408d33e47a93fc,653ad7e5e882f528b34b59f5,6a6a658b0ab86c971afb2530,false,false,Wed Jul 29 2026 20:41:47 GMT+0000 (Coordinated Universal Time),Wed Jul 29 2026 20:41:47 GMT+0000 (Coordinated Universal Time),Thu Aug 06 2026 02:00:25 GMT+0000 (Coordinated Universal Time),
Red Chilies,red-chilies-ebc80,635dadd677408d33e47a93fc,653ad7e5e882f528b34b59f5,6a6a658b0ab86c971afb2532,false,false,Wed Jul 29 2026 20:41:47 GMT+0000 (Coordinated Universal Time),Wed Jul 29 2026 20:41:47 GMT+0000 (Coordinated Universal Time),Thu Aug 06 2026 02:00:25 GMT+0000 (Coordinated Universal Time),
Romaine,romaine-c2bc2,635dadd677408d33e47a93fc,653ad7e5e882f528b34b59f5,6a6a658b0ab86c971afb2534,false,false,Wed Jul 29 2026 20:41:47 GMT+0000 (Coordinated Universal Time),Wed Jul 29 2026 20:41:47 GMT+0000 (Coordinated Universal Time),Thu Aug 06 2026 02:00:25 GMT+0000 (Coordinated Universal Time),
Rose Petals,rose-petals-8df58,635dadd677408d33e47a93fc,653ad7e5e882f528b34b59f5,6a6a658b0ab86c971afb2536,false,false,Wed Jul 29 2026 20:41:47 GMT+0000 (Coordinated Universal Time),Wed Jul 29 2026 20:41:47 GMT+0000 (Coordinated Universal Time),Thu Aug 06 2026 02:00:25 GMT+0000 (Coordinated Universal Time),
Rotini,rotini-4ac14,635dadd677408d33e47a93fc,653ad7e5e882f528b34b59f5,6a6a658b0ab86c971afb2538,false,false,Wed Jul 29 2026 20:41:47 GMT+0000 (Coordinated Universal Time),Wed Jul 29 2026 20:41:47 GMT+0000 (Coordinated Universal Time),Thu Aug 06 2026 02:00:25 GMT+0000 (Coordinated Universal Time),
Salsa,salsa-4e47a,635dadd677408d33e47a93fc,653ad7e5e882f528b34b59f5,6a6a658b0ab86c971afb253a,false,false,Wed Jul 29 2026 20:41:47 GMT+0000 (Coordinated Universal Time),Wed Jul 29 2026 20:41:47 GMT+0000 (Coordinated Universal Time),Thu Aug 06 2026 02:00:25 GMT+0000 (Coordinated Universal Time),
Sauerkraut,sauerkraut-69d52,635dadd677408d33e47a93fc,653ad7e5e882f528b34b59f5,6a6a658b0ab86c971afb253c,false,false,Wed Jul 29 2026 20:41:47 GMT+0000 (Coordinated Universal Time),Wed Jul 29 2026 20:41:47 GMT+0000 (Coordinated Universal Time),Thu Aug 06 2026 02:00:25 GMT+0000 (Coordinated Universal Time),
Scramble Spice,scramble-spice-75eb8,635dadd677408d33e47a93fc,653ad7e5e882f528b34b59f5,6a6a658b0ab86c971afb253e,false,false,Wed Jul 29 2026 20:41:47 GMT+0000 (Coordinated Universal Time),Wed Jul 29 2026 20:41:47 GMT+0000 (Coordinated Universal Time),Thu Aug 06 2026 02:00:25 GMT+0000 (Coordinated Universal Time),
Seitan,seitan-9bc5a,635dadd677408d33e47a93fc,653ad7e5e882f528b34b59f5,6a6a658b0ab86c971afb2540,false,false,Wed Jul 29 2026 20:41:47 GMT+0000 (Coordinated Universal Time),Wed Jul 29 2026 20:41:47 GMT+0000 (Coordinated Universal Time),Thu Aug 06 2026 02:00:25 GMT+0000 (Coordinated Universal Time),
Sesame Oil,sesame-oil-c6ff4,635dadd677408d33e47a93fc,653ad7e5e882f528b34b59f5,6a6a658b0ab86c971afb2542,false,false,Wed Jul 29 2026 20:41:47 GMT+0000 (Coordinated Universal Time),Wed Jul 29 2026 20:41:47 GMT+0000 (Coordinated Universal Time),Thu Aug 06 2026 02:00:25 GMT+0000 (Coordinated Universal Time),
Shelled Edamame,shelled-edamame-c66af,635dadd677408d33e47a93fc,653ad7e5e882f528b34b59f5,6a6a658b8923d2be8424fee4,false,false,Wed Jul 29 2026 20:41:47 GMT+0000 (Coordinated Universal Time),Wed Jul 29 2026 20:41:47 GMT+0000 (Coordinated Universal Time),Thu Aug 06 2026 02:00:25 GMT+0000 (Coordinated Universal Time),
Shortbread Crust,shortbread-crust-1e18f,635dadd677408d33e47a93fc,653ad7e5e882f528b34b59f5,6a6a658b8923d2be8424fee6,false,false,Wed Jul 29 2026 20:41:47 GMT+0000 (Coordinated Universal Time),Wed Jul 29 2026 20:41:47 GMT+0000 (Coordinated Universal Time),Thu Aug 06 2026 02:00:25 GMT+0000 (Coordinated Universal Time),
Sichuan Chili Flakes,sichuan-chili-flakes-59281,635dadd677408d33e47a93fc,653ad7e5e882f528b34b59f5,6a6a658b8923d2be8424fee8,false,false,Wed Jul 29 2026 20:41:47 GMT+0000 (Coordinated Universal Time),Wed Jul 29 2026 20:41:47 GMT+0000 (Coordinated Universal Time),Thu Aug 06 2026 02:00:25 GMT+0000 (Coordinated Universal Time),
Sichuan Peppercorns,sichuan-peppercorns-35f49,635dadd677408d33e47a93fc,653ad7e5e882f528b34b59f5,6a6a658b8923d2be8424feea,false,false,Wed Jul 29 2026 20:41:47 GMT+0000 (Coordinated Universal Time),Wed Jul 29 2026 20:41:47 GMT+0000 (Coordinated Universal Time),Thu Aug 06 2026 02:00:25 GMT+0000 (Coordinated Universal Time),
Simple Syrup,simple-syrup-65f7b,635dadd677408d33e47a93fc,653ad7e5e882f528b34b59f5,6a6a658b8923d2be8424feec,false,false,Wed Jul 29 2026 20:41:47 GMT+0000 (Coordinated Universal Time),Wed Jul 29 2026 20:41:47 GMT+0000 (Coordinated Universal Time),Thu Aug 06 2026 02:00:25 GMT+0000 (Coordinated Universal Time),
Slider Buns,slider-buns-49eec,635dadd677408d33e47a93fc,653ad7e5e882f528b34b59f5,6a6a658b8923d2be8424feee,false,false,Wed Jul 29 2026 20:41:47 GMT+0000 (Coordinated Universal Time),Wed Jul 29 2026 20:41:47 GMT+0000 (Coordinated Universal Time),Thu Aug 06 2026 02:00:25 GMT+0000 (Coordinated Universal Time),
Soba Noodles,soba-noodles-31e76,635dadd677408d33e47a93fc,653ad7e5e882f528b34b59f5,6a6a658b8923d2be8424fef0,false,false,Wed Jul 29 2026 20:41:47 GMT+0000 (Coordinated Universal Time),Wed Jul 29 2026 20:41:47 GMT+0000 (Coordinated Universal Time),Thu Aug 06 2026 02:00:25 GMT+0000 (Coordinated Universal Time),
Sour Cream,sour-cream-ba651,635dadd677408d33e47a93fc,653ad7e5e882f528b34b59f5,6a6a658b8923d2be8424fef2,false,false,Wed Jul 29 2026 20:41:47 GMT+0000 (Coordinated Universal Time),Wed Jul 29 2026 20:41:47 GMT+0000 (Coordinated Universal Time),Thu Aug 06 2026 02:00:25 GMT+0000 (Coordinated Universal Time),
Sourdough,sourdough-7a25d,635dadd677408d33e47a93fc,653ad7e5e882f528b34b59f5,6a6a658b8923d2be8424fef4,false,false,Wed Jul 29 2026 20:41:47 GMT+0000 (Coordinated Universal Time),Wed Jul 29 2026 20:41:47 GMT+0000 (Coordinated Universal Time),Thu Aug 06 2026 02:00:25 GMT+0000 (Coordinated Universal Time),
Sourdough Starter,sourdough-starter-01450,635dadd677408d33e47a93fc,653ad7e5e882f528b34b59f5,6a6a658b8923d2be8424fef6,false,false,Wed Jul 29 2026 20:41:47 GMT+0000 (Coordinated Universal Time),Wed Jul 29 2026 20:41:47 GMT+0000 (Coordinated Universal Time),Thu Aug 06 2026 02:00:25 GMT+0000 (Coordinated Universal Time),
Soy Curls,soy-curls-4ced9,635dadd677408d33e47a93fc,653ad7e5e882f528b34b59f5,6a6a658c47db13fe3a99e13f,false,false,Wed Jul 29 2026 20:41:48 GMT+0000 (Coordinated Universal Time),Wed Jul 29 2026 20:41:48 GMT+0000 (Coordinated Universal Time),Thu Aug 06 2026 02:00:25 GMT+0000 (Coordinated Universal Time),
Soy Sauce,soy-sauce-e7086,635dadd677408d33e47a93fc,653ad7e5e882f528b34b59f5,6a6a658c47db13fe3a99e141,false,false,Wed Jul 29 2026 20:41:48 GMT+0000 (Coordinated Universal Time),Wed Jul 29 2026 20:41:48 GMT+0000 (Coordinated Universal Time),Thu Aug 06 2026 02:00:25 GMT+0000 (Coordinated Universal Time),
Soybeans,soybeans-cd16c,635dadd677408d33e47a93fc,653ad7e5e882f528b34b59f5,6a6a658c47db13fe3a99e143,false,false,Wed Jul 29 2026 20:41:48 GMT+0000 (Coordinated Universal Time),Wed Jul 29 2026 20:41:48 GMT+0000 (Coordinated Universal Time),Thu Aug 06 2026 02:00:25 GMT+0000 (Coordinated Universal Time),
Sparkling Water,sparkling-water-559f9,635dadd677408d33e47a93fc,653ad7e5e882f528b34b59f5,6a6a658c47db13fe3a99e145,false,false,Wed Jul 29 2026 20:41:48 GMT+0000 (Coordinated Universal Time),Wed Jul 29 2026 20:41:48 GMT+0000 (Coordinated Universal Time),Thu Aug 06 2026 02:00:25 GMT+0000 (Coordinated Universal Time),
Sprinkles,sprinkles-b4728,635dadd677408d33e47a93fc,653ad7e5e882f528b34b59f5,6a6a658c47db13fe3a99e147,false,false,Wed Jul 29 2026 20:41:48 GMT+0000 (Coordinated Universal Time),Wed Jul 29 2026 20:41:48 GMT+0000 (Coordinated Universal Time),Thu Aug 06 2026 02:00:25 GMT+0000 (Coordinated Universal Time),
Sriracha,sriracha-5f319,635dadd677408d33e47a93fc,653ad7e5e882f528b34b59f5,6a6a658c47db13fe3a99e149,false,false,Wed Jul 29 2026 20:41:48 GMT+0000 (Coordinated Universal Time),Wed Jul 29 2026 20:41:48 GMT+0000 (Coordinated Universal Time),Thu Aug 06 2026 02:00:25 GMT+0000 (Coordinated Universal Time),
Star Anise,star-anise-4b9cc,635dadd677408d33e47a93fc,653ad7e5e882f528b34b59f5,6a6a658c47db13fe3a99e14b,false,false,Wed Jul 29 2026 20:41:48 GMT+0000 (Coordinated Universal Time),Wed Jul 29 2026 20:41:48 GMT+0000 (Coordinated Universal Time),Thu Aug 06 2026 02:00:25 GMT+0000 (Coordinated Universal Time),
Strong Espresso,strong-espresso-d5203,635dadd677408d33e47a93fc,653ad7e5e882f528b34b59f5,6a6a658c47db13fe3a99e14d,false,false,Wed Jul 29 2026 20:41:48 GMT+0000 (Coordinated Universal Time),Wed Jul 29 2026 20:41:48 GMT+0000 (Coordinated Universal Time),Thu Aug 06 2026 02:00:25 GMT+0000 (Coordinated Universal Time),
Sumac,sumac-32a17,635dadd677408d33e47a93fc,653ad7e5e882f528b34b59f5,6a6a658c47db13fe3a99e14f,false,false,Wed Jul 29 2026 20:41:48 GMT+0000 (Coordinated Universal Time),Wed Jul 29 2026 20:41:48 GMT+0000 (Coordinated Universal Time),Thu Aug 06 2026 02:00:25 GMT+0000 (Coordinated Universal Time),
Sweet Paprika,sweet-paprika-09b36,635dadd677408d33e47a93fc,653ad7e5e882f528b34b59f5,6a6a658c47db13fe3a99e151,false,false,Wed Jul 29 2026 20:41:48 GMT+0000 (Coordinated Universal Time),Wed Jul 29 2026 20:41:48 GMT+0000 (Coordinated Universal Time),Thu Aug 06 2026 02:00:25 GMT+0000 (Coordinated Universal Time),
Taco Seasoning,taco-seasoning-4a6b9,635dadd677408d33e47a93fc,653ad7e5e882f528b34b59f5,6a6a65a7980de136252b0353,false,false,Wed Jul 29 2026 20:42:15 GMT+0000 (Coordinated Universal Time),Wed Jul 29 2026 20:42:15 GMT+0000 (Coordinated Universal Time),Thu Aug 06 2026 02:00:25 GMT+0000 (Coordinated Universal Time),
Tagliatelle,tagliatelle-8d991,635dadd677408d33e47a93fc,653ad7e5e882f528b34b59f5,6a6a65a7980de136252b0355,false,false,Wed Jul 29 2026 20:42:15 GMT+0000 (Coordinated Universal Time),Wed Jul 29 2026 20:42:15 GMT+0000 (Coordinated Universal Time),Thu Aug 06 2026 02:00:25 GMT+0000 (Coordinated Universal Time),
Tamari,tamari-de23a,635dadd677408d33e47a93fc,653ad7e5e882f528b34b59f5,6a6a65a7980de136252b0357,false,false,Wed Jul 29 2026 20:42:15 GMT+0000 (Coordinated Universal Time),Wed Jul 29 2026 20:42:15 GMT+0000 (Coordinated Universal Time),Thu Aug 06 2026 02:00:25 GMT+0000 (Coordinated Universal Time),
Tamarind Paste,tamarind-paste-2e64f,635dadd677408d33e47a93fc,653ad7e5e882f528b34b59f5,6a6a65a7980de136252b0359,false,false,Wed Jul 29 2026 20:42:15 GMT+0000 (Coordinated Universal Time),Wed Jul 29 2026 20:42:15 GMT+0000 (Coordinated Universal Time),Thu Aug 06 2026 02:00:25 GMT+0000 (Coordinated Universal Time),
Tangerines,tangerines-48a62,635dadd677408d33e47a93fc,653ad7e5e882f528b34b59f5,6a6a65a7980de136252b035b,false,false,Wed Jul 29 2026 20:42:15 GMT+0000 (Coordinated Universal Time),Wed Jul 29 2026 20:42:15 GMT+0000 (Coordinated Universal Time),Thu Aug 06 2026 02:00:25 GMT+0000 (Coordinated Universal Time),
Tapioca Starch,tapioca-starch-3807a,635dadd677408d33e47a93fc,653ad7e5e882f528b34b59f5,6a6a65a7980de136252b035d,false,false,Wed Jul 29 2026 20:42:15 GMT+0000 (Coordinated Universal Time),Wed Jul 29 2026 20:42:15 GMT+0000 (Coordinated Universal Time),Thu Aug 06 2026 02:00:25 GMT+0000 (Coordinated Universal Time),
Teriyaki Sauce,teriyaki-sauce-de890,635dadd677408d33e47a93fc,653ad7e5e882f528b34b59f5,6a6a65a7980de136252b035f,false,false,Wed Jul 29 2026 20:42:15 GMT+0000 (Coordinated Universal Time),Wed Jul 29 2026 20:42:15 GMT+0000 (Coordinated Universal Time),Thu Aug 06 2026 02:00:25 GMT+0000 (Coordinated Universal Time),
Thai Chilies,thai-chilies-be2c9,635dadd677408d33e47a93fc,653ad7e5e882f528b34b59f5,6a6a65a7980de136252b0361,false,false,Wed Jul 29 2026 20:42:15 GMT+0000 (Coordinated Universal Time),Wed Jul 29 2026 20:42:15 GMT+0000 (Coordinated Universal Time),Thu Aug 06 2026 02:00:25 GMT+0000 (Coordinated Universal Time),
Turmeric,turmeric-95970,635dadd677408d33e47a93fc,653ad7e5e882f528b34b59f5,6a6a65a7980de136252b0363,false,false,Wed Jul 29 2026 20:42:15 GMT+0000 (Coordinated Universal Time),Wed Jul 29 2026 20:42:15 GMT+0000 (Coordinated Universal Time),Thu Aug 06 2026 02:00:25 GMT+0000 (Coordinated Universal Time),
Turmeric Powder,turmeric-powder-41dcf,635dadd677408d33e47a93fc,653ad7e5e882f528b34b59f5,6a6a65a7980de136252b0365,false,false,Wed Jul 29 2026 20:42:15 GMT+0000 (Coordinated Universal Time),Wed Jul 29 2026 20:42:15 GMT+0000 (Coordinated Universal Time),Thu Aug 06 2026 02:00:25 GMT+0000 (Coordinated Universal Time),
Vegan Meat Crumbles,vegan-meat-crumbles-9cd7b,635dadd677408d33e47a93fc,653ad7e5e882f528b34b59f5,6a6a65a81ed4a2520519789e,false,false,Wed Jul 29 2026 20:42:16 GMT+0000 (Coordinated Universal Time),Wed Jul 29 2026 20:42:16 GMT+0000 (Coordinated Universal Time),Thu Aug 06 2026 02:00:25 GMT+0000 (Coordinated Universal Time),
Vegan Mortadella,vegan-mortadella-750a5,635dadd677408d33e47a93fc,653ad7e5e882f528b34b59f5,6a6a65a81ed4a252051978a0,false,false,Wed Jul 29 2026 20:42:16 GMT+0000 (Coordinated Universal Time),Wed Jul 29 2026 20:42:16 GMT+0000 (Coordinated Universal Time),Thu Aug 06 2026 02:00:25 GMT+0000 (Coordinated Universal Time),
Vegan Mozzarella,vegan-mozzarella-d546d,635dadd677408d33e47a93fc,653ad7e5e882f528b34b59f5,6a6a65a81ed4a252051978a2,false,false,Wed Jul 29 2026 20:42:16 GMT+0000 (Coordinated Universal Time),Wed Jul 29 2026 20:42:16 GMT+0000 (Coordinated Universal Time),Thu Aug 06 2026 02:00:25 GMT+0000 (Coordinated Universal Time),
Vegan Pie Crust,vegan-pie-crust,635dadd677408d33e47a93fc,653ad7e5e882f528b34b59f5,6a6a65a81ed4a252051978a4,false,false,Wed Jul 29 2026 20:42:16 GMT+0000 (Coordinated Universal Time),Wed Jul 29 2026 20:42:16 GMT+0000 (Coordinated Universal Time),Thu Aug 06 2026 02:00:25 GMT+0000 (Coordinated Universal Time),
Vegan Protein Powder,vegan-protein-powder-bd003,635dadd677408d33e47a93fc,653ad7e5e882f528b34b59f5,6a6a65a81ed4a252051978a6,false,false,Wed Jul 29 2026 20:42:16 GMT+0000 (Coordinated Universal Time),Wed Jul 29 2026 20:42:16 GMT+0000 (Coordinated Universal Time),Thu Aug 06 2026 02:00:25 GMT+0000 (Coordinated Universal Time),
Vegan Provolone Cheese,vegan-provolone-cheese-ee588,635dadd677408d33e47a93fc,653ad7e5e882f528b34b59f5,6a6a65a81ed4a252051978a8,false,false,Wed Jul 29 2026 20:42:16 GMT+0000 (Coordinated Universal Time),Wed Jul 29 2026 20:42:16 GMT+0000 (Coordinated Universal Time),Thu Aug 06 2026 02:00:25 GMT+0000 (Coordinated Universal Time),
Vegan Ricotta,vegan-ricotta-e00ed,635dadd677408d33e47a93fc,653ad7e5e882f528b34b59f5,6a6a65a81ed4a252051978aa,false,false,Wed Jul 29 2026 20:42:16 GMT+0000 (Coordinated Universal Time),Wed Jul 29 2026 20:42:16 GMT+0000 (Coordinated Universal Time),Thu Aug 06 2026 02:00:25 GMT+0000 (Coordinated Universal Time),
Vegan Salami,vegan-salami-36b67,635dadd677408d33e47a93fc,653ad7e5e882f528b34b59f5,6a6a65a81ed4a252051978ac,false,false,Wed Jul 29 2026 20:42:16 GMT+0000 (Coordinated Universal Time),Wed Jul 29 2026 20:42:16 GMT+0000 (Coordinated Universal Time),Thu Aug 06 2026 02:00:25 GMT+0000 (Coordinated Universal Time),
Vegan Sausage Patties,vegan-sausage-patties-6dabe,635dadd677408d33e47a93fc,653ad7e5e882f528b34b59f5,6a6a65a81ed4a252051978ae,false,false,Wed Jul 29 2026 20:42:16 GMT+0000 (Coordinated Universal Time),Wed Jul 29 2026 20:42:16 GMT+0000 (Coordinated Universal Time),Thu Aug 06 2026 02:00:25 GMT+0000 (Coordinated Universal Time),
Vegan Swiss Cheese,vegan-swiss-cheese-c89c3,635dadd677408d33e47a93fc,653ad7e5e882f528b34b59f5,6a6a65a81ed4a252051978b0,false,false,Wed Jul 29 2026 20:42:16 GMT+0000 (Coordinated Universal Time),Wed Jul 29 2026 20:42:16 GMT+0000 (Coordinated Universal Time),Thu Aug 06 2026 02:00:25 GMT+0000 (Coordinated Universal Time),
Udon Noodles,udon-noodles-72241,635dadd677408d33e47a93fc,653ad7e5e882f528b34b59f5,6a6a65a83ee821e5ca6ecd4c,false,false,Wed Jul 29 2026 20:42:16 GMT+0000 (Coordinated Universal Time),Wed Jul 29 2026 20:42:16 GMT+0000 (Coordinated Universal Time),Thu Aug 06 2026 02:00:25 GMT+0000 (Coordinated Universal Time),
Vanilla,vanilla-0b300,635dadd677408d33e47a93fc,653ad7e5e882f528b34b59f5,6a6a65a83ee821e5ca6ecd4e,false,false,Wed Jul 29 2026 20:42:16 GMT+0000 (Coordinated Universal Time),Wed Jul 29 2026 20:42:16 GMT+0000 (Coordinated Universal Time),Thu Aug 06 2026 02:00:25 GMT+0000 (Coordinated Universal Time),
Vanilla Powder,vanilla-powder-94eab,635dadd677408d33e47a93fc,653ad7e5e882f528b34b59f5,6a6a65a83ee821e5ca6ecd50,false,false,Wed Jul 29 2026 20:42:16 GMT+0000 (Coordinated Universal Time),Wed Jul 29 2026 20:42:16 GMT+0000 (Coordinated Universal Time),Thu Aug 06 2026 02:00:25 GMT+0000 (Coordinated Universal Time),
Vegan Buttermilk,vegan-buttermilk-d8e2d,635dadd677408d33e47a93fc,653ad7e5e882f528b34b59f5,6a6a65a83ee821e5ca6ecd52,false,false,Wed Jul 29 2026 20:42:16 GMT+0000 (Coordinated Universal Time),Wed Jul 29 2026 20:42:16 GMT+0000 (Coordinated Universal Time),Thu Aug 06 2026 02:00:25 GMT+0000 (Coordinated Universal Time),
Vegan Cheddar Cheese,vegan-cheddar-cheese-6e8d7,635dadd677408d33e47a93fc,653ad7e5e882f528b34b59f5,6a6a65a83ee821e5ca6ecd54,false,false,Wed Jul 29 2026 20:42:16 GMT+0000 (Coordinated Universal Time),Wed Jul 29 2026 20:42:16 GMT+0000 (Coordinated Universal Time),Thu Aug 06 2026 02:00:25 GMT+0000 (Coordinated Universal Time),
Vegan Clotted Cream,vegan-clotted-cream-b5985,635dadd677408d33e47a93fc,653ad7e5e882f528b34b59f5,6a6a65a83ee821e5ca6ecd56,false,false,Wed Jul 29 2026 20:42:16 GMT+0000 (Coordinated Universal Time),Wed Jul 29 2026 20:42:16 GMT+0000 (Coordinated Universal Time),Thu Aug 06 2026 02:00:25 GMT+0000 (Coordinated Universal Time),
Vegan Crema,vegan-crema-c79f4,635dadd677408d33e47a93fc,653ad7e5e882f528b34b59f5,6a6a65a83ee821e5ca6ecd58,false,false,Wed Jul 29 2026 20:42:16 GMT+0000 (Coordinated Universal Time),Wed Jul 29 2026 20:42:16 GMT+0000 (Coordinated Universal Time),Thu Aug 06 2026 02:00:25 GMT+0000 (Coordinated Universal Time),
Vegan Croissants,vegan-croissants-5366d,635dadd677408d33e47a93fc,653ad7e5e882f528b34b59f5,6a6a65a83ee821e5ca6ecd5a,false,false,Wed Jul 29 2026 20:42:16 GMT+0000 (Coordinated Universal Time),Wed Jul 29 2026 20:42:16 GMT+0000 (Coordinated Universal Time),Thu Aug 06 2026 02:00:25 GMT+0000 (Coordinated Universal Time),
Vegan Deli Ham,vegan-deli-ham-b92e2,635dadd677408d33e47a93fc,653ad7e5e882f528b34b59f5,6a6a65a83ee821e5ca6ecd5c,false,false,Wed Jul 29 2026 20:42:16 GMT+0000 (Coordinated Universal Time),Wed Jul 29 2026 20:42:16 GMT+0000 (Coordinated Universal Time),Thu Aug 06 2026 02:00:25 GMT+0000 (Coordinated Universal Time),
Vegan Mayo,vegan-mayo-5ca13,635dadd677408d33e47a93fc,653ad7e5e882f528b34b59f5,6a6a65a83ee821e5ca6ecd5e,false,false,Wed Jul 29 2026 20:42:16 GMT+0000 (Coordinated Universal Time),Wed Jul 29 2026 20:42:16 GMT+0000 (Coordinated Universal Time),Thu Aug 06 2026 02:00:25 GMT+0000 (Coordinated Universal Time),
Vegan Turkey,vegan-turkey-03531,635dadd677408d33e47a93fc,653ad7e5e882f528b34b59f5,6a6a65a91ed4a25205197924,false,false,Wed Jul 29 2026 20:42:17 GMT+0000 (Coordinated Universal Time),Wed Jul 29 2026 20:42:17 GMT+0000 (Coordinated Universal Time),Thu Aug 06 2026 02:00:25 GMT+0000 (Coordinated Universal Time),
Vegan Tzatziki,vegan-tzatziki-c8743,635dadd677408d33e47a93fc,653ad7e5e882f528b34b59f5,6a6a65a91ed4a25205197926,false,false,Wed Jul 29 2026 20:42:17 GMT+0000 (Coordinated Universal Time),Wed Jul 29 2026 20:42:17 GMT+0000 (Coordinated Universal Time),Thu Aug 06 2026 02:00:25 GMT+0000 (Coordinated Universal Time),
Vegan Whipped Cream,vegan-whipped-cream-f2eca,635dadd677408d33e47a93fc,653ad7e5e882f528b34b59f5,6a6a65a91ed4a25205197928,false,false,Wed Jul 29 2026 20:42:17 GMT+0000 (Coordinated Universal Time),Wed Jul 29 2026 20:42:17 GMT+0000 (Coordinated Universal Time),Thu Aug 06 2026 02:00:25 GMT+0000 (Coordinated Universal Time),
Vegan Wonton Wrappers,vegan-wonton-wrappers-517e1,635dadd677408d33e47a93fc,653ad7e5e882f528b34b59f5,6a6a65a91ed4a2520519792a,false,false,Wed Jul 29 2026 20:42:17 GMT+0000 (Coordinated Universal Time),Wed Jul 29 2026 20:42:17 GMT+0000 (Coordinated Universal Time),Thu Aug 06 2026 02:00:25 GMT+0000 (Coordinated Universal Time),
Vegan Worcestershire Sauce,vegan-worcestershire-sauce-2cb32,635dadd677408d33e47a93fc,653ad7e5e882f528b34b59f5,6a6a65a91ed4a2520519792c,false,false,Wed Jul 29 2026 20:42:17 GMT+0000 (Coordinated Universal Time),Wed Jul 29 2026 20:42:17 GMT+0000 (Coordinated Universal Time),Thu Aug 06 2026 02:00:25 GMT+0000 (Coordinated Universal Time),
Vegetable Oil,vegetable-oil-e54e5,635dadd677408d33e47a93fc,653ad7e5e882f528b34b59f5,6a6a65a91ed4a2520519792e,false,false,Wed Jul 29 2026 20:42:17 GMT+0000 (Coordinated Universal Time),Wed Jul 29 2026 20:42:17 GMT+0000 (Coordinated Universal Time),Thu Aug 06 2026 02:00:25 GMT+0000 (Coordinated Universal Time),
Vegetable Stock,vegetable-stock-65b56,635dadd677408d33e47a93fc,653ad7e5e882f528b34b59f5,6a6a65a91ed4a25205197930,false,false,Wed Jul 29 2026 20:42:17 GMT+0000 (Coordinated Universal Time),Wed Jul 29 2026 20:42:17 GMT+0000 (Coordinated Universal Time),Thu Aug 06 2026 02:00:25 GMT+0000 (Coordinated Universal Time),
Vietnamese Baguettes,vietnamese-baguettes-a71d8,635dadd677408d33e47a93fc,653ad7e5e882f528b34b59f5,6a6a65a91ed4a25205197932,false,false,Wed Jul 29 2026 20:42:17 GMT+0000 (Coordinated Universal Time),Wed Jul 29 2026 20:42:17 GMT+0000 (Coordinated Universal Time),Thu Aug 06 2026 02:00:25 GMT+0000 (Coordinated Universal Time),
Vinegar,vinegar-a6ac5,635dadd677408d33e47a93fc,653ad7e5e882f528b34b59f5,6a6a65a91ed4a25205197934,false,false,Wed Jul 29 2026 20:42:17 GMT+0000 (Coordinated Universal Time),Wed Jul 29 2026 20:42:17 GMT+0000 (Coordinated Universal Time),Thu Aug 06 2026 02:00:25 GMT+0000 (Coordinated Universal Time),
Vital Wheat Gluten,vital-wheat-gluten-ce113,635dadd677408d33e47a93fc,653ad7e5e882f528b34b59f5,6a6a65a91ed4a25205197936,false,false,Wed Jul 29 2026 20:42:17 GMT+0000 (Coordinated Universal Time),Wed Jul 29 2026 20:42:17 GMT+0000 (Coordinated Universal Time),Thu Aug 06 2026 02:00:25 GMT+0000 (Coordinated Universal Time),
Vodka,vodka-986b4,635dadd677408d33e47a93fc,653ad7e5e882f528b34b59f5,6a6a65ab4dada7283f74f45a,false,false,Wed Jul 29 2026 20:42:19 GMT+0000 (Coordinated Universal Time),Wed Jul 29 2026 20:42:19 GMT+0000 (Coordinated Universal Time),Thu Aug 06 2026 02:00:25 GMT+0000 (Coordinated Universal Time),
Wasabi,wasabi-61143,635dadd677408d33e47a93fc,653ad7e5e882f528b34b59f5,6a6a65ab4dada7283f74f45c,false,false,Wed Jul 29 2026 20:42:19 GMT+0000 (Coordinated Universal Time),Wed Jul 29 2026 20:42:19 GMT+0000 (Coordinated Universal Time),Thu Aug 06 2026 02:00:25 GMT+0000 (Coordinated Universal Time),
Water Chestnuts,water-chestnuts-aea2e,635dadd677408d33e47a93fc,653ad7e5e882f528b34b59f5,6a6a65ab4dada7283f74f45e,false,false,Wed Jul 29 2026 20:42:19 GMT+0000 (Coordinated Universal Time),Wed Jul 29 2026 20:42:19 GMT+0000 (Coordinated Universal Time),Thu Aug 06 2026 02:00:25 GMT+0000 (Coordinated Universal Time),
Wheat Berries,wheat-berries-4a365,635dadd677408d33e47a93fc,653ad7e5e882f528b34b59f5,6a6a65ab4dada7283f74f460,false,false,Wed Jul 29 2026 20:42:19 GMT+0000 (Coordinated Universal Time),Wed Jul 29 2026 20:42:19 GMT+0000 (Coordinated Universal Time),Thu Aug 06 2026 02:00:25 GMT+0000 (Coordinated Universal Time),
White Miso Paste,white-miso-paste-6d6a0,635dadd677408d33e47a93fc,653ad7e5e882f528b34b59f5,6a6a65ab4dada7283f74f462,false,false,Wed Jul 29 2026 20:42:19 GMT+0000 (Coordinated Universal Time),Wed Jul 29 2026 20:42:19 GMT+0000 (Coordinated Universal Time),Thu Aug 06 2026 02:00:25 GMT+0000 (Coordinated Universal Time),
White Pepper,white-pepper-b61c4,635dadd677408d33e47a93fc,653ad7e5e882f528b34b59f5,6a6a65ab4dada7283f74f464,false,false,Wed Jul 29 2026 20:42:19 GMT+0000 (Coordinated Universal Time),Wed Jul 29 2026 20:42:19 GMT+0000 (Coordinated Universal Time),Thu Aug 06 2026 02:00:25 GMT+0000 (Coordinated Universal Time),
Worcestershire Sauce,worcestershire-sauce-daf30,635dadd677408d33e47a93fc,653ad7e5e882f528b34b59f5,6a6a65ab4dada7283f74f466,false,false,Wed Jul 29 2026 20:42:19 GMT+0000 (Coordinated Universal Time),Wed Jul 29 2026 20:42:19 GMT+0000 (Coordinated Universal Time),Thu Aug 06 2026 02:00:25 GMT+0000 (Coordinated Universal Time),
Yellow Miso Paste,yellow-miso-paste-ce0ca,635dadd677408d33e47a93fc,653ad7e5e882f528b34b59f5,6a6a65ab4dada7283f74f468,false,false,Wed Jul 29 2026 20:42:19 GMT+0000 (Coordinated Universal Time),Wed Jul 29 2026 20:42:19 GMT+0000 (Coordinated Universal Time),Thu Aug 06 2026 02:00:25 GMT+0000 (Coordinated Universal Time),
Yellow Mustard,yellow-mustard-478d4,635dadd677408d33e47a93fc,653ad7e5e882f528b34b59f5,6a6a65ab4dada7283f74f46a,false,false,Wed Jul 29 2026 20:42:19 GMT+0000 (Coordinated Universal Time),Wed Jul 29 2026 20:42:19 GMT+0000 (Coordinated Universal Time),Thu Aug 06 2026 02:00:25 GMT+0000 (Coordinated Universal Time),
